objectid,townname,routeid,beginpoint,endpoint,townnumber,brdrbrdnum,brdrlegname,brdryear,brdract,brdrsection,brdrnotes,hprmprisec,yearvalue,global_id,shape_length
742,KENT,0670007,0.698,0.719,67,04453,BULL'S BRIDGE (COVERED - WOODEN),1957.0,P.A. 186,29.0,NAMED BY HARTFORD COMMON COUNCIL 1/22/1922,PRI,2022,bf377263-e597-41be-9551-99566b8450c7,109.439163777896
743,NEW BRITAIN,0880240,0.132,0.175,88,04247,CAPTAIN BRIAN S. LETENDRE MEMORIAL BRIDGE,2009.0,P.A. 186,37.0,NAMED BY HARTFORD COMMON COUNCIL 1/22/1922,PRI,2022,80060482-8199-4d63-bc5f-1c983220a9ed,180.538654767978
744,SHARON,128-E,0.048,0.05,125,01338,WEST CORNWALL COVERED BRIDGE (WOODEN),1957.0,P.A. 186,29.0,NAMED BY HARTFORD COMMON COUNCIL 1/22/1922,PRI,2022,420e8364-d662-445f-b397-1a78ada26ba1,8.93141257762909
745,BRIDGEPORT,130-E,3.878,3.982,15,02475,STRATFORD AVENUE BRIDGE,1957.0,P.A. 186,29.0,NAMED BY HARTFORD COMMON COUNCIL 1/22/1922,PRI,2022,c7002fe5-91f3-42ed-a0a1-986dafd74be0,553.198326627554
746,BROOKFIELD,133-N,3.569,3.65,18,01343,SOUTHVILLE BRIDGE,1957.0,P.A. 186,29.0,NAMED BY HARTFORD COMMON COUNCIL 1/22/1922,PRI,2022,6f4c14e3-ac4c-46d2-91db-57c992e9a68e,427.599496786677
747,GREENWICH,1-N,4.206,4.243,56,00314,HONORABLE DAVIS N. THEIS MEMORIAL BRIDGE,2015.0,P.A. 5,185.0,NAMED BY HARTFORD COMMON COUNCIL 1/22/1922,PRI,2022,9509c6c2-723d-4460-8726-8f3f0efcb247,200.51065362476
748,NEWINGTON,173-N,3.899,3.935,93,01477,STANLEY SOBIESKI MEMORIAL BRIDGE,2005.0,P.A. 210,21.0,NAMED BY HARTFORD COMMON COUNCIL 1/22/1922,PRI,2022,c1f9d35e-3d8d-488b-bed4-7bd5d89f5057,203.379177595015
749,GLASTONBURY,2-E,5.614,5.635,53,01697,MARINE SGT. DAVID COULLARD MEMORIAL BRIDGE,2009.0,P.A. 186,25.0,NAMED BY HARTFORD COMMON COUNCIL 1/22/1922,PRI,2022,2cf4055d-3684-4115-bf55-70e1b2596fc1,109.047698709203
750,CANTON,202-N,55.415,55.482,23,00916,LIEUTENANT DAVID M. WHIRTY MEMORIAL BRIDGE,2005.0,P.A. 210,39.0,NAMED BY HARTFORD COMMON COUNCIL 1/22/1922,PRI,2022,1d949da2-d382-4d06-aa39-6525db50a14d,361.672363435095
751,MANCHESTER,291-E,5.367,5.43,76,06277,JULES M. HOLLANDER MEMORIAL BRIDGE,2001.0,P.A. 105,44.0,NAMED BY HARTFORD COMMON COUNCIL 1/22/1922,PRI,2022,5b6f3545-06f2-46e5-8ba8-37f0f6079bd6,331.615561473836
752,WETHERSFIELD,15-S,79.808,79.838,159,00642,CLINTON HUGHES MEMORIAL BRIDGE,2002.0,P.A. 123,18.0,NAMED BY HARTFORD COMMON COUNCIL 1/22/1922,PRI,2022,eac476f2-6d5e-4fbb-a679-bc4191da5199,149.682375443939
753,NORWICH,395-N,18.178,18.26,103,00281,REV. HORMISDAS C. BELEC BRIDGE,1959.0,H.J.R. 172,29.0,NAMED BY HARTFORD COMMON COUNCIL 1/22/1922,PRI,2022,093d7890-f29f-47de-b2a7-5531f6d1b091,426.652945998507
754,HARTFORD,6-E,62.06,62.083,63,03372A,TUSKEGEE AIRMEN MEMORIAL BRIDGE,2011.0,P.A. 256,46.0,"CORRECTED 2015 - P.A. 5, SEC. 194",SEC,2022,0ec1b4a1-2f74-4782-8bf1-7f604f564bd6,122.328712981137
755,NEW BRITAIN,71-N,13.845,13.909,88,03913,HARRY S. TRUMAN OVERPASS,1957.0,P.A. 186,29.0,NAMED BY HARTFORD COMMON COUNCIL 1/22/1922,PRI,2022,a1975a16-6a64-4e56-87e6-c2b354b5de72,351.819868932682
756,WEST HAVEN,745-E,0.802,0.84,156,03612,OFFICER ROBERT VINCENT FUMIATTI MEMORIAL BRIDGE,2013.0,P.A. 277,40.0,NAMED BY HARTFORD COMMON COUNCIL 1/22/1922,PRI,2022,d76bd477-cd85-4909-9227-77935808f3e0,205.919808222735
757,NEW HARTFORD,44-E,36.649,36.713,91,00974,SATAN'S KINGDOM BRIDGE,1957.0,P.A. 186,29.0,NAMED BY HARTFORD COMMON COUNCIL 1/22/1922,PRI,2022,135188fe-2730-4e4f-b3b2-2ca528e809ac,341.256186776498
758,WETHERSFIELD,3-N,11.638,11.86,159,00417,WILLIAM H. PUTNAM BRIDGE,1958.0,P.A. 186,29.0,A.K.A. PUTNAM BRIDGE,PRI,2022,c873bfed-44a7-461a-8041-4047d958d863,1197.16787998157
759,MIDDLETOWN,9-N,23.508,23.55,82,00638,JEWISH WAR VETERANS MAJOR GENERAL MAURICE ROSE - POST 51 MEMORIAL BRIDGE,2015.0,P.A. 5,184.0,NAMED BY HARTFORD COMMON COUNCIL 1/22/1922,PRI,2022,f3a988ed-dd6d-4d74-bb3f-f2df8a4b984f,222.127743399356
760,NORWICH,82-E,28.316,28.35,103,05349,BENJAMIN DEMOND MEMORIAL BRIDGE (EB),2015.0,P.A. 5,180.0,EASTBOUND BRIDGE,PRI,2022,18be7d73-37ef-4d1f-82a0-504183da3965,125.893447027689
761,NEWTOWN,84-E,18.409,18.48,96,01218,THE GENERAL ROCHAMBEAU BRIDGE,1953.0,S.A. 117,29.0,(EB ONLY- SEE I-84),PRI,2022,14e71821-feb6-4074-9f6a-f3c21985e538,378.218932271659
762,WATERBURY,84-E,34.35,34.383,151,01224A,SGT. JOSEPH M. NOLAN MEMORIAL BRIDGE,2017.0,P.A. 230,37.0,NAMED BY HARTFORD COMMON COUNCIL 1/22/1922,PRI,2022,fd7554b0-30e2-48bc-9a4d-0e184f8c53d2,169.568343645512
763,WATERBURY,84-E-296,0.496,0.53,151,01224C,SGT. JOSEPH M. NOLAN MEMORIAL BRIDGE,2017.0,P.A. 230,37.0,NAMED BY HARTFORD COMMON COUNCIL 1/22/1922,PRI,2022,98804400-9793-401c-a7ac-ea2251332075,180.17595791725
764,BRANFORD,95-N,51.0,51.15,14,00186,LAKE SALTONSTALL BRIDGE,1957.0,P.A. 186,29.0,NAMED BY HARTFORD COMMON COUNCIL 1/22/1922,PRI,2022,08eb7597-be0c-4890-aebf-4f48814468b7,777.218259175074
765,STRATFORD,1-N,35.266,35.34,138,00327,DEVON BRIDGE,1957.0,P.A. 186,29.0,A.K.A. WASHINGTON AVENUE BRIDGE,PRI,2022,cc797228-047d-415c-a937-30e311485a54,401.034641076686
766,NORWICH,12-N,15.442,15.47,103,00663,KOREAN CONFLICT,1957.0,S.A. 282,29.0,NAMED BY HARTFORD COMMON COUNCIL 1/22/1922,PRI,2022,f92343c0-9c4f-4d18-ac8e-597893310074,139.98199101166
767,LISBON,12-N,15.47,15.496,72,00663,KOREAN CONFLICT,1957.0,S.A. 282,29.0,NAMED BY HARTFORD COMMON COUNCIL 1/22/1922,PRI,2022,fb603526-577a-43b6-b049-74b858010501,135.362581608968
768,HARTFORD,0630427,0.011,0.015,63,01628,MAJOR JOHN CALDWELL MEMORIAL BRIDGE,2001.0,P.A. 105,36.0,NAMED BY HARTFORD COMMON COUNCIL 1/22/1922,PRI,2022,aa42aa96-ca0a-447e-8e3f-57e9a9e04b7c,26.7068698353908
769,GREENWICH,15-N,1.801,1.827,56,05653,RIVERSVILLE ROAD BRIDGE,1957.0,P.A. 186,29.0,ORIGINAL BRIDGE 00692,PRI,2022,78306bc5-f8da-4d5c-81af-f81c2b770b95,136.033010471116
770,OLD LYME,156-E,9.017,9.048,104,01392,THOMAS A. FOX MEMORIAL BRIDGE,2003.0,P.A. 115,83.0,NAMED BY HARTFORD COMMON COUNCIL 1/22/1922,PRI,2022,58c16e17-4e56-4a8e-9131-55a36b5feed8,157.691185702062
771,NEWINGTON,175-E,1.208,1.229,93,04324,SERGEANT BURTON E. CALLAHAN JR. MEMORIAL BRIDGE,2017.0,P.A. 277,29.0,"JR. ADDED PER 2017 P.A. 230, SEC. 41",PRI,2022,14f09ec6-c826-4f32-8c29-406ab14d57d3,111.798149287653
772,NEWINGTON,175-E,2.427,2.434,93,05337,ANDREW J. MCCUSKER MEMORIAL BRIDGE,2001.0,P.A. 105,35.0,NAMED BY HARTFORD COMMON COUNCIL 1/22/1922,PRI,2022,64bda95b-316d-4835-878f-051988b2acfc,35.4795793115843
773,SIMSBURY,185-E,0.182,0.224,128,01500,BATAAN CORREGIDOR MEMORIAL BRIDGE,2013.0,P.A. 277,31.0,NAMED BY HARTFORD COMMON COUNCIL 1/22/1922,PRI,2022,d74f3e58-7c8b-47dc-987a-001aba264af7,225.50393954083
774,HARTFORD,2-E,0.069,0.2,63,00371A,FOUNDERS BRIDGE,1955.0,S.A. 36,29.0,NAMED BY HARTFORD COMMON COUNCIL 1/22/1922,PRI,2022,b09c5a17-4262-4212-a09b-6eb0de82c6c2,698.763062447685
775,NORWICH,2-W,37.981,38.013,103,00411,SSG FRANK HOMSKI BRIDGE,1959.0,S.J.R. 9,29.0,NAMED BY HARTFORD COMMON COUNCIL 1/22/1922,PRI,2022,433092a4-5977-45f8-9dfc-86d0a097be49,158.498633204936
776,STRATFORD,15-S,37.282,37.53,138,00761,IGOR SIKORSKY MEMORIAL BRIDGE,1989.0,S.A. 51,3.0,A.K.A. HOUSATONIC RIVER BRIDGE OR TIN BRIDGE,PRI,2022,bb4945a5-0b7a-49f8-83f8-8013b1897cff,1331.99928961909
777,BROOKFIELD,133-N,0.317,0.402,18,03926,LANCE CORPORAL JOHN T. SCHMIDT MEMORIAL BRIDGE,2005.0,P.A. 210,45.0,NAMED BY HARTFORD COMMON COUNCIL 1/22/1922,PRI,2022,48765503-0e86-452b-91a3-db549ec002b1,444.887189147735
778,SALISBURY,44-E,8.822,8.83,121,05878,DUTCHESS BRIDGE,1957.0,P.A. 186,29.0,NAMED BY HARTFORD COMMON COUNCIL 1/22/1922,PRI,2022,825cd5be-6614-4075-9d1f-4aa12e8bbfd8,43.4663929019945
779,CANTON,44-E,38.636,38.659,23,04056,CHERRY BROOK BRIDGE,1957.0,P.A. 186,29.0,NAMED BY HARTFORD COMMON COUNCIL 1/22/1922,PRI,2022,ad1a3839-8b67-4060-bcf0-502f371efc8b,119.937677418807
780,EAST HARTFORD,44-E,53.89,54.017,42,00980A,MORGAN G. BULKELEY BRIDGE,1922.0,P.A. 186,29.0,NAMED BY HARTFORD COMMON COUNCIL 1/22/1922,SEC,2022,532fdbbe-d811-44ec-8faa-379bf51eac93,540.985152510425
781,HARTFORD,44-W,53.796,53.8,63,00980A,MORGAN G. BULKELEY BRIDGE,1922.0,P.A. 186,29.0,NAMED BY HARTFORD COMMON COUNCIL 1/22/1922,PRI,2022,4d30b33e-b91c-4ef2-b62f-6ee2783b3a08,21.935462496597
782,NEWTOWN,6-E,18.599,18.67,96,01218,THE GENERAL ROCHAMBEAU BRIDGE,1953.0,S.A. 117,29.0,(EB ONLY- SEE I-84),SEC,2022,c66af7a6-ac6b-4446-a159-02634e15264a,378.218932271659
783,ANSONIA,334-E,4.313,4.392,2,01592,VETERANS OF FOREIGN WARS MEMORIAL BRIDGE,2017.0,P.A. 230,38.0,NAMED BY HARTFORD COMMON COUNCIL 1/22/1922,PRI,2022,75ef5041-6ac0-41bf-8291-721a78c36a4d,460.841479089394
784,DERBY,34-E,14.163,14.229,36,00947,JAMES B. ATWATER MEMORIAL BRIDGE,1961.0,S.A. 34,29.0,NAMED BY HARTFORD COMMON COUNCIL 1/22/1922,PRI,2022,cf61e785-d959-473a-b0c6-6dea0a8053aa,335.885876281477
785,LISBON,395-N,21.327,21.39,72,00286,JOHN C. GARAND BRIDGE,1957.0,S.A. 269,29.0,NAMED BY HARTFORD COMMON COUNCIL 1/22/1922,PRI,2022,a98f9d5a-d9af-4b85-be5d-fb1e69788ce2,260.790790683264
786,GRISWOLD,395-N,21.39,21.448,57,00286,JOHN C. GARAND BRIDGE,1957.0,S.A. 269,29.0,NAMED BY HARTFORD COMMON COUNCIL 1/22/1922,PRI,2022,a7a6e8fb-24a6-4ba7-b0a5-04fe557f01da,325.757748784269
787,NORWALK,7-S,1.311,1.358,102,03572,STANLEY STROFFOLINO BRIDGE,1973.0,S.A. 52,29.0,NAMED BY HARTFORD COMMON COUNCIL 1/22/1922,PRI,2022,e1242666-e672-44a7-bbc2-1b4492d43cc1,243.010764976363
788,CHESHIRE,70-E,1.721,1.735,25,05708,POLICE CHIEF GARY WALBERG MEMORIAL BRIDGE,2017.0,P.A. 230,30.0,NAMED BY HARTFORD COMMON COUNCIL 1/22/1922,PRI,2022,bcef75af-75b5-4806-8345-0645f4fdcd00,74.2511986167467
789,SHELTON,712-E,0.041,0.09,126,02921,VETERAN'S MEMORIAL BRIDGE,1974.0,S.A. 36,29.0,NAMED BY HARTFORD COMMON COUNCIL 1/22/1922,PRI,2022,9c6435b0-a5d0-4dd9-b9e5-d0b8305996dc,253.133214571662
790,SOUTHBURY,84-W,18.48,18.565,130,04180,KILLINGLY - BROOKLYN VETERANS MEMORIAL BRIDGE,1959.0,S.A. 268,29.0,(WB ONLY- SEE I-84),PRI,2022,0e4a6e69-0ca5-4f7b-9db5-9ae402e7617f,414.506948607112
791,TOLLAND,84-W,80.569,80.578,142,00837,SERGEANT DONALD C. LEBLOND MEMORIAL BRIDGE,2017.0,P.A. 230,47.0,NAMED BY HARTFORD COMMON COUNCIL 1/22/1922,PRI,2022,18538e56-1b7c-4cbc-9fc0-4540d3494fda,43.5254966867872
792,WATERTOWN,73-E,0.962,0.987,153,06246,PEARL HARBOR MEMORIAL BRIDGE,2013.0,P.A. 277,30.0,NAMED BY HARTFORD COMMON COUNCIL 1/22/1922,PRI,2022,c71224d0-3094-4f5b-81f5-11118df12765,128.219653477966
793,ANSONIA,8-N,15.179,15.189,2,00581,BRIGADIER GENERAL BRIAN F. PHIPPS MEMORIAL BRIDGE,2011.0,P.A. 256,25.0,NAMED BY HARTFORD COMMON COUNCIL 1/22/1922,PRI,2022,72806bde-eafc-4ac6-9adb-b99a5f880c7e,55.5238825811911
794,SEYMOUR,8-S,18.25,18.441,124,00587,GENERAL DAVID HUMPHREYS MEMORIAL BRIDGE,1957.0,S.A. 226,29.0,NAMED BY HARTFORD COMMON COUNCIL 1/22/1922,PRI,2022,efc88045-7fd1-437f-a5be-0666e8f7d526,1004.73515251545
795,GREENWICH,684-N,0.5,0.763,56,03513,TAMMARACK SWAMP BRIDGE,1957.0,P.A. 186,29.0,"TRIO OF BRIDGES 03512, 03513, 03514",PRI,2022,c156d273-f001-4ac9-b97d-5fbb13276eb7,1401.60858242736
796,NORWALK,95-S,15.529,15.548,102,00057,"SPC.WILFREDO PEREZ, JR. MEMORIAL BRIDGE",2007.0,P.A. 232,43.0,"CORRECTED 2008, P.A. 101, SEC. 25",PRI,2022,ab4e72ca-83f9-4c62-a7b8-d6573709e8ae,103.937722912651
797,BRANFORD,95-S,51.0,51.145,14,00186,LAKE SALTONSTALL BRIDGE,1957.0,P.A. 186,29.0,NAMED BY HARTFORD COMMON COUNCIL 1/22/1922,PRI,2022,58bc7671-2ff2-4de9-ae3d-0f778f4e2231,779.753356594661
798,EAST WINDSOR,91-N,49.94,50.067,46,00454,DEXTER D. COFFIN BRIDGE,1958.0,HJR8,29.0,SPECIAL SESSION,PRI,2022,391c7ef7-4da2-4684-aa4e-d50b84dd12be,665.40857269705
799,NEW HAVEN,91-S,2.942,2.98,92,03096,OFFICER DANIEL P. PICAGLI MEMORIAL BRIDGE,2009.0,P.A. 186,38.0,NAMED BY HARTFORD COMMON COUNCIL 1/22/1922,PRI,2022,578c37b6-7402-4393-a802-ba578aea2e01,189.679062010359
800,WINDSOR LOCKS,91-S,49.743,49.94,165,00454,DEXTER D. COFFIN BRIDGE,1958.0,HJR8,29.0,SPECIAL SESSION,PRI,2022,ab92604e-7c5f-4464-b650-07b6bafa2cef,1020.63461624374
801,HARTFORD,91-S-827,0.42,0.46,63,00813,SERGEANT MATTHEW D. ARACE MEMORIAL BRIDGE,2007.0,P.A. 232,12.0,NAMED BY HARTFORD COMMON COUNCIL 1/22/1922,PRI,2022,16d5ab10-4346-4d74-a7ef-acf7c10b1eeb,198.754117744474
802,STAMFORD,106-N,0.756,0.799,135,04398,COURTLAND AVENUE BRIDGE,1957.0,P.A. 186,29.0,NAMED BY HARTFORD COMMON COUNCIL 1/22/1922,PRI,2022,7d2a047b-899a-4830-b3f0-e9b990cb58e1,229.43985668641
803,HARTFORD,0630139,0.541,0.56,63,01629,MAJOR THOMAS Y. SEYMOUR MEMORIAL BRIDGE,2001.0,P.A. 105,37.0,NAMED BY HARTFORD COMMON COUNCIL 1/22/1922,PRI,2022,bc7503b2-83ee-4ede-ba0b-6cc825ec41ea,97.1478891880098
804,HARTFORD,0630427,0.015,0.025,63,01628,MAJOR JOHN CALDWELL MEMORIAL BRIDGE,2001.0,P.A. 105,36.0,NAMED BY HARTFORD COMMON COUNCIL 1/22/1922,PRI,2022,8f71f50e-8e6d-453d-9b73-6b7223e76bd7,66.1044458998098
805,MILFORD,0830537,0.422,0.455,83,00153,JOHN D'AMATO MEMORIAL BRIDGE,2013.0,P.A. 277,47.0,NAMED BY HARTFORD COMMON COUNCIL 1/22/1922,PRI,2022,92ba89c4-4302-4fa5-a935-0cb42fe662cf,173.394334868377
806,OLD SAYBROOK,154-N,3.849,3.889,105,06274,CAUSEWAY BRIDGES (3),1957.0,P.A. 186,29.0,NAMED BY HARTFORD COMMON COUNCIL 1/22/1922,PRI,2022,94531c31-c6ca-4644-abd2-5b13a2cb804e,211.502206532228
807,EAST HARTFORD,2-E,0.2,0.297,42,00371A,FOUNDERS BRIDGE,1955.0,S.A. 36,29.0,NAMED BY HARTFORD COMMON COUNCIL 1/22/1922,PRI,2022,04241056-bb0e-4739-a44b-d6b3ed2ebeaa,479.210859703876
808,HARTFORD,2-W,0.067,0.2,63,00371A,FOUNDERS BRIDGE,1955.0,S.A. 36,29.0,NAMED BY HARTFORD COMMON COUNCIL 1/22/1922,PRI,2022,528aba71-80e2-4281-8ab8-1655c5c995a5,700.470319591524
809,LITCHFIELD,202-N,39.19,39.203,73,00908,"CORPORAL ROGER ""DODGE"" DOYLE MEMORIAL BRIDGE",2021.0,P.A. 21-2,478.0,NAMED BY HARTFORD COMMON COUNCIL 1/22/1922,PRI,2022,de45c383-d91d-42a3-9cea-e4ed64bfbb35,70.8120136382927
810,WESTPORT,136-N,8.669,8.726,158,01349,WILLIAM F. CRIBARI MEMORIAL BRIDGE,2008.0,P.A. 232,23.0,"CORRECTIVE P.A. 08-101, SEC. 19",PRI,2022,34b21ef8-85e2-465b-afa7-ef2aba6ac7c0,298.943757098307
811,DERBY,34-W,14.169,14.228,36,00947,JAMES B. ATWATER MEMORIAL BRIDGE,1961.0,S.A. 34,29.0,NAMED BY HARTFORD COMMON COUNCIL 1/22/1922,PRI,2022,c0aaf4b9-9e21-44b2-bb79-010f6fd716ef,335.942687100003
812,ASHFORD,44-E,82.71,82.733,3,05869,SPECIALIST ROBERT W. HOYT MEMORIAL BRIDGE,2017.0,P.A. 230,26.0,NAMED BY HARTFORD COMMON COUNCIL 1/22/1922,PRI,2022,cd144d04-7832-46ac-a68c-35dd07b86079,120.912842768537
813,HARTFORD,6-E,64.505,64.62,63,00980A,MORGAN G. BULKELEY BRIDGE,1922.0,P.A. 186,29.0,NAMED BY HARTFORD COMMON COUNCIL 1/22/1922,SEC,2022,0a374b48-bdd9-46e5-80dd-3b0678ad3a9d,643.736734640059
814,LISBON,395-S,21.347,21.39,72,00286,JOHN C. GARAND BRIDGE,1957.0,S.A. 269,29.0,NAMED BY HARTFORD COMMON COUNCIL 1/22/1922,PRI,2022,3522cc6f-721a-46dc-9d99-d0b40aad31c2,247.258348885051
815,GRISWOLD,395-S,21.39,21.456,57,00286,JOHN C. GARAND BRIDGE,1957.0,S.A. 269,29.0,NAMED BY HARTFORD COMMON COUNCIL 1/22/1922,PRI,2022,7192e927-279b-4f12-a45e-c02a100c416e,356.352307252485
816,NORTH CANAAN,44-E,8.83,8.865,99,05878,DUTCHESS BRIDGE,1957.0,P.A. 186,29.0,NAMED BY HARTFORD COMMON COUNCIL 1/22/1922,PRI,2022,d9e017a9-24a7-472e-885c-79876581820e,182.070069737865
817,HARTFORD,84-E,60.14,60.163,63,03372A,TUSKEGEE AIRMEN MEMORIAL BRIDGE,2011.0,P.A. 256,46.0,"CORRECTED 2015 - P.A. 5, SEC. 194",PRI,2022,615a2e46-ab65-40d1-8f62-7befb06bbd8b,122.328712981137
818,NEW BRITAIN,71-S,17.312,17.352,88,06057,ANTHONY TERCYAK MEMORIAL BRIDGE,2007.0,P.A. 232,14.0,NAMED BY HARTFORD COMMON COUNCIL 1/22/1922,PRI,2022,3ae0141e-8837-4ca3-a384-4ac33aa27aea,204.570549967608
819,TOLLAND,74-E,14.57,14.612,142,00840,TROOPER FIRST CLASS KEVIN MILLER MEMORIAL BRIDGE,2021.0,175,42.0,NAMED BY HARTFORD COMMON COUNCIL 1/22/1922,PRI,2022,a7409d59-8eb6-4f2c-a3f8-16ffd027c750,213.658833321744
820,SHELTON,8-N,12.278,12.48,126,00571A,COMMODORE ISAAC HULL BRIDGE,1949.0,S.A. 25,29.0,A.K.A. ISAAC HULL BRIDGE OR DERBY-SHELTON BRIDGE,PRI,2022,9ea71a8f-f3f4-41f4-82f9-d2980084491a,1042.21141589924
821,SEYMOUR,8-N-46,0.0,0.027,124,00587,GENERAL DAVID HUMPHREYS MEMORIAL BRIDGE,1957.0,S.A. 226,29.0,NAMED BY HARTFORD COMMON COUNCIL 1/22/1922,PRI,2022,5f04882a-c218-4f0b-8251-4e6c8209935b,147.246386615843
822,DERBY,8-S,12.48,12.577,36,00571A,COMMODORE ISAAC HULL BRIDGE,1949.0,S.A. 25,29.0,A.K.A. ISAAC HULL BRIDGE OR DERBY-SHELTON BRIDGE,PRI,2022,3d5e02df-0c09-4995-934c-96c5fc781314,561.768806320999
823,ANSONIA,8-S,15.189,15.2,2,00581,BRIGADIER GENERAL BRIAN F. PHIPPS MEMORIAL BRIDGE,2011.0,P.A. 256,25.0,NAMED BY HARTFORD COMMON COUNCIL 1/22/1922,PRI,2022,57f20952-dcc0-48ef-81d2-644a4bd0a987,58.4413949216853
824,EAST HADDAM,82-E,3.78,3.866,40,01138,EAST HADDAM SWING BRIDGE,1957.0,P.A. 186,29.0,NAMED BY HARTFORD COMMON COUNCIL 1/22/1922,PRI,2022,c196aefe-efc8-4224-b485-e5c4d2b76dfb,497.3031147983
825,HARTFORD,91-S,35.912,35.959,63,00813,SERGEANT MATTHEW D. ARACE MEMORIAL BRIDGE,2007.0,P.A. 232,12.0,NAMED BY HARTFORD COMMON COUNCIL 1/22/1922,PRI,2022,f3a3a60b-ec8a-4837-afa1-a1f35ee94e5d,290.382588083866
826,NORWALK,95-N,13.568,13.58,102,00049,ARMY SPECIALIST DAVID R. FAHEY JR. MEMORIAL BRIDGE,2015.0,P.A. 5,182.0,NAMED BY HARTFORD COMMON COUNCIL 1/22/1922,PRI,2022,9a06932e-c1ce-4c83-b7d7-4d7e3b3dc731,63.4303827256841
827,NEW LONDON,95-N,93.475,93.501,94,03820,U.S. SUBMARINE VETERANS WORLD WAR II MEMORIAL BRIDGE,2005.0,P.A. 210,2.0,"ORIGINAL BRIDGE 03820, SOUTHBOUND BRIDGE",PRI,2022,a4bad8d0-3b36-4563-81e8-8a7410d7630f,126.669508100899
828,FARMINGTON,4-E,38.13,38.235,51,00429,ALBERT M. GLENN MEMORIAL BRIDGE,2015.0,P.A. 5,181.0,NAMED BY HARTFORD COMMON COUNCIL 1/22/1922,PRI,2022,cdf04ddc-6690-486b-b6f0-734bae80b56d,519.157460997463
829,FARMINGTON,4-E,42.498,42.573,51,00431,VINCENT DIPIETRO MEMORIAL BRIDGE,2009.0,P.A. 186,14.0,NAMED BY HARTFORD COMMON COUNCIL 1/22/1922,PRI,2022,ce48331c-9f6e-48f8-8e9c-3e8cb15948e0,406.264446821152
830,BEACON FALLS,42-E,2.799,2.909,6,03432,HEARNE W. BEAVER JR. MEMORIAL BRIDGE,1967.0,S.A. 420,29.0,A.K.A. PINES BRIDGE,PRI,2022,05ca2616-3bee-4514-ad3d-2c2d0191b839,595.532330002272
831,GROTON,95-S,96.719,96.861,58,01777,GROTON RESERVOIR BRIDGE,1957.0,P.A. 186,29.0,SOUTHBOUND BRIDGE,PRI,2022,4b739301-f6c2-42c2-b366-73d8e4a48dec,724.295003928875
832,HARTFORD,84-W-826,0.0,0.025,63,00980A,MORGAN G. BULKELEY BRIDGE,1922.0,P.A. 186,29.0,NAMED BY HARTFORD COMMON COUNCIL 1/22/1922,PRI,2022,5dbfeafb-8fa0-4e05-b36c-aff3052025d3,139.690121559633
833,SOUTHBURY,6-E,18.67,18.749,130,01218,THE GENERAL ROCHAMBEAU BRIDGE,1953.0,S.A. 117,29.0,(EB ONLY- SEE I-84),SEC,2022,862e4a18-43e3-4420-ab29-e20981ed0efa,418.669765534367
834,STONINGTON,1-N,109.1,109.139,137,00362,MYSTIC RIVER BRIDGE,1957.0,P.A. 186,29.0,NAMED BY HARTFORD COMMON COUNCIL 1/22/1922,PRI,2022,c489b230-ddad-4c00-8b45-0f0bdbea2f2b,221.236320548392
835,WINDHAM,661-N,0.014,0.099,163,06558,THREAD CITY CROSSING BRIDGE,2000.0,P.A. 148,27.0,NAMED BY HARTFORD COMMON COUNCIL 1/22/1922,PRI,2022,5837692a-42f1-4b96-ac1a-f0923bf7073b,493.113861603155
836,GREENWICH,684-S,0.448,0.736,56,03512,TAMMARACK SWAMP BRIDGE,1957.0,P.A. 186,29.0,"TRIO OF BRIDGES 03512, 03513, 03514",PRI,2022,10eace53-0118-43d4-a6e8-940b2fc7b32c,1501.26664428673
837,NORWALK,7-N,2.428,2.462,102,06065,ROBERT MUGFORD MEMORIAL BRIDGE,2009.0,P.A. 186,50.0,NAMED BY HARTFORD COMMON COUNCIL 1/22/1922,PRI,2022,6e63beb0-d88f-431b-92e8-a641f17f7e75,189.796469044846
838,HARTFORD,91-S-840,0.113,0.14,63,00980A,MORGAN G. BULKELEY BRIDGE,1922.0,P.A. 186,29.0,NAMED BY HARTFORD COMMON COUNCIL 1/22/1922,PRI,2022,0d79b2ab-9a34-4022-a4f3-61039afdd108,123.217776441499
839,GREENWICH,95-N,0.0,0.08,56,00001,BYRAM RIVER BRIDGE,1957.0,P.A. 186,29.0,NAMED BY HARTFORD COMMON COUNCIL 1/22/1922,PRI,2022,1db62e97-9e7d-415e-8f4a-06190174ab03,442.729003309893
840,NORWALK,123-N,0.959,0.983,102,01664,SGT. HORTON A. DUFF AND TECH 5 ALAN S. DUFF MEMORIAL BRIDGE,2021.0,175,46.0,NAMED BY HARTFORD COMMON COUNCIL 1/22/1922,PRI,2022,8b2c3149-e978-49b7-91dd-762b4081da34,117.571830598599
841,BRIDGEPORT,130-W,3.9,3.983,15,02475,STRATFORD AVENUE BRIDGE,1957.0,P.A. 186,29.0,NAMED BY HARTFORD COMMON COUNCIL 1/22/1922,PRI,2022,378183e7-4e14-4d3d-9564-154dfcae2b01,430.47006860052
842,BROOKFIELD,7-N,27.403,27.476,18,03922,GOVERNOR M. JODI RELL BRIDGE,2021.0,175,52.0,NAMED BY HARTFORD COMMON COUNCIL 1/22/1922,PRI,2022,5bec1208-0446-4664-9fb3-2df9ad28fd90,391.294517381476
843,NORWALK,7-S,2.415,2.45,102,06065,ROBERT MUGFORD MEMORIAL BRIDGE,2009.0,P.A. 186,50.0,NAMED BY HARTFORD COMMON COUNCIL 1/22/1922,PRI,2022,fad8e077-7cdc-42f9-8083-e1124a1d19e4,191.534128833212
844,NEW BRITAIN,71-S,13.845,13.907,88,03913,HARRY S. TRUMAN OVERPASS,1957.0,P.A. 186,29.0,NAMED BY HARTFORD COMMON COUNCIL 1/22/1922,PRI,2022,1346bb1a-bf00-4f68-a2fc-7d058eae53dd,328.665319381824
845,MILFORD,95-N,34.54,34.844,83,00135,MOSES WHEELER BRIDGE,1961.0,S.A. 35,29.0,NAMED BY HARTFORD COMMON COUNCIL 1/22/1922,PRI,2022,419cf44f-e239-41c6-a75e-597c772bb26b,1534.42050538411
846,NORWALK,136-N,5.281,5.381,102,02295,STANLEY H. STROFFOLINO BRIDGE,1974.0,P.A. 186,29.0,A.K.A. WASHINGTON STREET BRIDGE OR SOUTH NORWALK BRIDGE OR BASCULE BRIDGE,PRI,2022,f77c2c67-fd62-4cdf-b149-528f6dd4f55f,506.504765787762
847,DERBY,8-N,12.48,12.581,36,00571A,COMMODORE ISAAC HULL BRIDGE,1949.0,S.A. 25,29.0,A.K.A. ISAAC HULL BRIDGE OR DERBY-SHELTON BRIDGE,PRI,2022,18ad8f01-21c9-4b9c-9cf8-e312ac8c5a72,564.162256918903
848,OLD SAYBROOK,95-N,78.463,78.68,105,06200A,RAYMOND E. BALDWIN BRIDGE,1947.0,H.J.R. 254,29.0,"ORIGINAL BRIDGE 00240, A.K.A. BALDWIN BRIDGE",PRI,2022,aa1364de-97db-4399-b997-db535f79df44,1253.64708277967
849,STRATFORD,15-N,37.259,37.53,138,00761,IGOR SIKORSKY MEMORIAL BRIDGE,1989.0,S.A. 51,3.0,A.K.A. HOUSATONIC RIVER BRIDGE OR TIN BRIDGE,PRI,2022,2a777313-aebb-4f5a-8b43-a49ad9d73eff,1375.95549160443
850,SEYMOUR,8-S-47,0.126,0.15,124,00587,GENERAL DAVID HUMPHREYS MEMORIAL BRIDGE,1957.0,S.A. 226,29.0,NAMED BY HARTFORD COMMON COUNCIL 1/22/1922,PRI,2022,65073c69-061d-48ac-a8e6-75a6db4e761f,130.621429262837
851,TORRINGTON,800-N,3.325,3.334,143,05486,MEMORIAL BRIDGE (FLOOD VICTIMS),1958.0,H.J.R. 12,29.0,NAMED BY HARTFORD COMMON COUNCIL 1/22/1922,PRI,2022,b0403a4c-c89f-4b89-92f9-bdcc48859a8f,49.4557153815481
852,DARIEN,95-S,11.884,11.917,35,00044,MILITARY ORDER OF THE PURPLE HEART BRIDGE,1998.0,P.A. 91,8.0,NAMED BY HARTFORD COMMON COUNCIL 1/22/1922,PRI,2022,954fe003-3f48-4d1f-91d3-8393d742c077,172.114164690155
853,NORWALK,95-S,15.905,16.08,102,00059,YANKEE DOODLE BRIDGE,1957.0,S.A. 503,29.0,A.K.A. NORWALK RIVER BRIDGE,PRI,2022,c5d0c2ef-ee51-41b6-94d9-c1959d40b52d,913.134220398863
854,WATERBURY,1510059,0.157,0.262,151,04318,ROBERTO CLEMENTE MEMORIAL BRIDGE,2021.0,175,30.0,NAMED BY HARTFORD COMMON COUNCIL 1/22/1922,PRI,2022,973c3a0f-c11c-4f1a-a777-f010e29f4dea,548.808382060799
855,WATERBURY,1510493,0.456,0.511,151,03207,AVENUE OF HEROES BRIDGE,2021.0,175,29.0,NAMED BY HARTFORD COMMON COUNCIL 1/22/1922,PRI,2022,a826359e-45c9-4dfb-bac6-2227ad58a099,271.363463109514
856,WEST HARTFORD,6-E,58.157,58.186,155,01743A,FIREFIGHTER PATRICK L. BROOKS MEMORIAL BRIDGE,2009.0,P.A. 186,51.0,CORRECTED WITH DIFFERENT BRIDGES FROM 08-101-29,SEC,2022,a93fee20-66eb-4239-94b4-6b0fd589dc5c,162.796601495601
857,WESTPORT,1580126,1.04,1.073,158,00067,KHALIQ SANDA MEMORIAL BRIDGE,2021.0,175,40.0,NAMED BY HARTFORD COMMON COUNCIL 1/22/1922,PRI,2022,7ec15a0e-c3e3-4cbd-9aff-55bdb87a0dc8,186.108747254169
858,WINDSOR,159-N,4.122,4.173,164,05978,RAY HENRY MEMORIAL BRIDGE,1999.0,P.A. 181,29.0,NAMED BY HARTFORD COMMON COUNCIL 1/22/1922,PRI,2022,d2bdf4af-bc9e-462a-bc8c-c2a5e336af3b,278.230367293137
859,NEWTOWN,84-W,18.408,18.48,96,04180,KILLINGLY - BROOKLYN VETERANS MEMORIAL BRIDGE,1959.0,S.A. 268,29.0,(WB ONLY- SEE I-84),PRI,2022,d83db2ca-c0d2-4c72-a11a-09b89d59b8b7,375.301894150319
860,HARTFORD,84-W,62.596,62.7,63,00980A,MORGAN G. BULKELEY BRIDGE,1922.0,P.A. 186,29.0,NAMED BY HARTFORD COMMON COUNCIL 1/22/1922,PRI,2022,7e40ac48-472f-44a6-8695-2301b35dc49f,644.372465635467
861,OLD SAYBROOK,166-E,1.282,1.312,105,00233,ROSARIO J. ALOISIO MEMORIAL BRIDGE,2003.0,P.A. 115,13.0,NAMED BY HARTFORD COMMON COUNCIL 1/22/1922,PRI,2022,13cea7f6-5873-49de-8c58-e06f7179d5b0,164.312327901229
862,NEW MILFORD,7-N,44.426,44.493,95,05965,GAYLORDSVILLE BRIDGE,1957.0,P.A. 186,29.0,NAMED BY HARTFORD COMMON COUNCIL 1/22/1922,PRI,2022,3b9b9b5a-2675-41cb-b504-1c70e02de4f6,342.725786178107
863,ANSONIA,727-N,1.063,1.213,2,01661,EDWARD CLANCY BRIDGE,1959.0,S.A. 304,29.0,NAMED BY HARTFORD COMMON COUNCIL 1/22/1922,PRI,2022,a3200549-5d15-4da2-a75e-0028e6b189cd,770.470613813781
864,MIDDLETOWN,9-S,23.504,23.544,82,00638,JEWISH WAR VETERANS MAJOR GENERAL MAURICE ROSE - POST 51 MEMORIAL BRIDGE,2015.0,P.A. 5,184.0,NAMED BY HARTFORD COMMON COUNCIL 1/22/1922,PRI,2022,b7f7f090-e4fb-43d8-a69c-e0d8d3d3c876,217.939901341299
865,NEW HAVEN,91-N,2.952,2.991,92,03096,OFFICER DANIEL P. PICAGLI MEMORIAL BRIDGE,2009.0,P.A. 186,38.0,NAMED BY HARTFORD COMMON COUNCIL 1/22/1922,PRI,2022,c8e6a347-f512-43ee-a031-3d4b3ff0589a,199.784347408235
866,SEYMOUR,8-N,18.247,18.438,124,00587,GENERAL DAVID HUMPHREYS MEMORIAL BRIDGE,1957.0,S.A. 226,29.0,NAMED BY HARTFORD COMMON COUNCIL 1/22/1922,PRI,2022,44dd53f0-6bd5-413d-a414-936f85af56ed,1004.45882135726
867,NEW MILFORD,202-N,18.866,18.87,95,00554,OFFICER DONALD HASSIAK MEMORIAL BRIDGE,2011.0,P.A. 256,29.0,NAMED BY HARTFORD COMMON COUNCIL 1/22/1922,SEC,2022,ee18037c-15c2-4ec6-998d-cecc7d5df9e1,20.5382665872924
868,ANSONIA,243-E,1.949,1.953,2,02858,KEVIN RASCOE SR. MEMORIAL BRIDGE,2017.0,P.A. 230,39.0,NAMED BY HARTFORD COMMON COUNCIL 1/22/1922,PRI,2022,0e4fc458-1509-41e7-8705-0e6c03fd6b78,21.4602503719046
869,WETHERSFIELD,91-N,35.151,35.213,159,01460,VETERANS OF THE BATTLE OF THE BULGE MEMORIAL BRIDGE,2001.0,P.A. 105,34.0,NAMED BY HARTFORD COMMON COUNCIL 1/22/1922,PRI,2022,727eb020-e45c-40bf-bf52-96e34e1ce811,346.582397998862
870,LITCHFIELD,8-S,45.032,45.09,73,00609,TROOPER JAMES SAVAGE MEMORIAL BRIDGE,2009.0,P.A. 186,22.0,NAMED BY HARTFORD COMMON COUNCIL 1/22/1922,PRI,2022,127e6d91-2600-48e3-b07d-88fa5c8c048c,309.757076520276
871,PRESTON,2A-E,6.64,6.768,113,03426,MOHEGAN - PEQUOT BRIDGE,1967.0,P.A. 186,29.0,NAMED BY HARTFORD COMMON COUNCIL 1/22/1922,PRI,2022,5c8aa545-4281-44d5-8070-df21bb5ecd34,674.540323164102
872,GLASTONBURY,3-S,11.86,12.089,53,00417,WILLIAM H. PUTNAM BRIDGE,1958.0,P.A. 186,29.0,A.K.A. PUTNAM BRIDGE,PRI,2022,d419af25-66a1-4e18-b599-d3d7f638af65,1193.71602898406
873,WEST HARTFORD,84-E,56.237,56.266,155,01743A,FIREFIGHTER PATRICK L. BROOKS MEMORIAL BRIDGE,2009.0,P.A. 186,51.0,CORRECTED WITH DIFFERENT BRIDGES FROM 08-101-29,PRI,2022,c486aea6-81c8-462c-8be5-2ad605a763a5,162.796601495601
874,NORWICH,32-N,12.176,12.21,103,05349,BENJAMIN DEMOND MEMORIAL BRIDGE (EB),2015.0,P.A. 5,180.0,EASTBOUND BRIDGE,SEC,2022,35d0b5d4-4ce5-44c7-8838-82a67645615c,125.893447027689
875,NORWICH,32-N,13.887,13.919,103,00411,SSG FRANK HOMSKI BRIDGE,1959.0,S.J.R. 9,29.0,NAMED BY HARTFORD COMMON COUNCIL 1/22/1922,SEC,2022,1ce39c82-353b-4e33-87e9-41910bfde2f0,158.498633204936
876,EAST HAVEN,95-N,50.992,51.0,43,00186,LAKE SALTONSTALL BRIDGE,1957.0,P.A. 186,29.0,NAMED BY HARTFORD COMMON COUNCIL 1/22/1922,PRI,2022,bba208e4-d929-4242-b723-510832c966ba,48.46408866424
877,OLD LYME,95-N,78.68,78.925,104,06200A,RAYMOND E. BALDWIN BRIDGE,1947.0,H.J.R. 254,29.0,"ORIGINAL BRIDGE 00240, A.K.A. BALDWIN BRIDGE",PRI,2022,5d9f7eb0-4e20-474c-9016-47166ce17e9a,1295.08498839086
878,TOLLAND,84-E,80.552,80.559,142,00837,SERGEANT DONALD C. LEBLOND MEMORIAL BRIDGE,2017.0,P.A. 230,47.0,NAMED BY HARTFORD COMMON COUNCIL 1/22/1922,PRI,2022,40fc22d3-700a-4085-b3d8-ac9052b978b9,37.2120295905378
879,GREENWICH,95-S,0.0,0.088,56,00001,BYRAM RIVER BRIDGE,1957.0,P.A. 186,29.0,NAMED BY HARTFORD COMMON COUNCIL 1/22/1922,PRI,2022,902c017e-891b-4e14-9ae2-46f23361cd9c,458.957584935379
880,NORWALK,95-S,13.56,13.572,102,00049,ARMY SPECIALIST DAVID R. FAHEY JR. MEMORIAL BRIDGE,2015.0,P.A. 5,182.0,NAMED BY HARTFORD COMMON COUNCIL 1/22/1922,PRI,2022,9de3d563-18a9-40fa-91ff-a59883ac118a,63.8582720955789
881,STRATFORD,95-S,34.246,34.54,138,00135,MOSES WHEELER BRIDGE,1961.0,S.A. 35,29.0,NAMED BY HARTFORD COMMON COUNCIL 1/22/1922,PRI,2022,9712fb19-c34b-47f1-a6cf-3a877daef66f,1541.61728604117
882,MILFORD,95-S,34.54,34.847,83,00135,MOSES WHEELER BRIDGE,1961.0,S.A. 35,29.0,NAMED BY HARTFORD COMMON COUNCIL 1/22/1922,PRI,2022,3eb4069d-f88e-4cec-b193-4bfacce1a161,1579.84777493324
883,WATERBURY,84-W,33.678,33.712,151,04320B,UNITED STATES ARMY'S FIRST INFANTRY DIVISION BRIDGE,2006.0,P.A. 133,19.0,"CORRECTED 2007, P.A. 232, SEC. 21",PRI,2022,f7a77cee-7d91-439d-91ce-91a574a3b9e6,175.796006206442
884,WATERBURY,84-W,34.346,34.376,151,01224B,SGT. JOSEPH M. NOLAN MEMORIAL BRIDGE,2017.0,P.A. 230,37.0,NAMED BY HARTFORD COMMON COUNCIL 1/22/1922,PRI,2022,b6d65b2c-2382-4abb-a989-de93d67ece63,165.369372626236
885,STAMFORD,1350086,0.048,0.077,135,00036,LESLIE A. PADILLA MEMORIAL BRIDGE,2013.0,P.A. 277,46.0,NAMED BY HARTFORD COMMON COUNCIL 1/22/1922,PRI,2022,a02ad968-b7a4-4fd1-b84b-bee1a9d92b6b,162.255157489962
886,STONINGTON,1370005,0.053,0.173,137,03906,FRANK TUREK VIADUCT,1995.0,P.A. 325,7.0,NAMED BY HARTFORD COMMON COUNCIL 1/22/1922,PRI,2022,abedddde-0a23-41eb-9f8c-3a227730a50a,644.705026635738
887,NEWINGTON,175-E,1.477,1.496,93,04326,LIEUTENANT JAMES T. HALL MEMORIAL BRIDGE,2001.0,P.A. 105,38.0,NAMED BY HARTFORD COMMON COUNCIL 1/22/1922,PRI,2022,89078a1e-0e51-4ae1-a3d7-48ff81ca1678,100.869130444036
888,NEWINGTON,175-E,3.319,3.339,93,03502,JOHN F. KLETT MEMORIAL BRIDGE,2000.0,P.A. 148,35.0,NAMED BY HARTFORD COMMON COUNCIL 1/22/1922,PRI,2022,1bc480b1-7da0-436f-ba24-4a7b8446555a,108.230366087123
889,SUFFIELD,190-E,2.712,2.83,139,03295,ENFIELD-SUFFIELD VETERAN'S BRIDGE,1967.0,S.A. 418,29.0,NAMED BY HARTFORD COMMON COUNCIL 1/22/1922,PRI,2022,13417122-34cb-451d-91a7-66d10fac3231,621.888325796918
890,MONTVILLE,2A-E,6.486,6.64,85,03426,MOHEGAN - PEQUOT BRIDGE,1967.0,P.A. 186,29.0,NAMED BY HARTFORD COMMON COUNCIL 1/22/1922,PRI,2022,4600d23d-ec70-4d9f-baa3-a870eb0ebefd,761.021960146405
891,GLASTONBURY,3-N,11.86,12.087,53,00417,WILLIAM H. PUTNAM BRIDGE,1958.0,P.A. 186,29.0,A.K.A. PUTNAM BRIDGE,PRI,2022,86771cb9-3718-45e6-b016-18a043656ed6,1200.35043908756
892,HARTFORD,91-N,39.645,39.671,63,05864,PAUL LAFFIN MEMORIAL BRIDGE,2000.0,P.A. 148,29.0,NAMED BY HARTFORD COMMON COUNCIL 1/22/1922,PRI,2022,5099f627-999a-4941-bcfb-312201254d11,138.323808749982
893,WINDSOR LOCKS,91-N,49.749,49.94,165,00454,DEXTER D. COFFIN BRIDGE,1958.0,HJR8,29.0,SPECIAL SESSION,PRI,2022,2d90af46-d780-40cf-a795-91bfeb9d3d92,1033.30613805986
894,NORWICH,2-E,37.977,38.009,103,00411,SSG FRANK HOMSKI BRIDGE,1959.0,S.J.R. 9,29.0,NAMED BY HARTFORD COMMON COUNCIL 1/22/1922,PRI,2022,b25ab59e-4b7b-436b-a7ab-f333f391d6b7,159.395952993289
895,EAST WINDSOR,91-S,49.94,50.069,46,00454,DEXTER D. COFFIN BRIDGE,1958.0,HJR8,29.0,SPECIAL SESSION,PRI,2022,da70d35e-86ab-4c93-b9a2-66ce4f94b93e,680.019249963711
896,EAST HARTFORD,384-W,0.59,0.717,42,05686,JOHN A. BRUNALLI BRIDGE,2021.0,175,51.0,NAMED BY HARTFORD COMMON COUNCIL 1/22/1922,PRI,2022,e26f8282-5310-4486-bcc0-c07932d2c50f,759.70461883821
897,LISBON,395-N,18.26,18.309,72,00281,REV. HORMISDAS C. BELEC BRIDGE,1959.0,H.J.R. 172,29.0,NAMED BY HARTFORD COMMON COUNCIL 1/22/1922,PRI,2022,d2500b52-71fd-4a10-b1f3-e3ccc8659c89,262.187556949693
898,NORWALK,95-N,15.517,15.534,102,00057,"SPC.WILFREDO PEREZ, JR. MEMORIAL BRIDGE",2007.0,P.A. 232,43.0,"CORRECTED 2008, P.A. 101, SEC. 25",PRI,2022,c1fa4b82-a88b-4d2b-9992-070b5cfe41db,100.40549496556
899,WATERTOWN,262-N,3.738,3.75,153,05633,FROST ROAD BRIDGE,1957.0,P.A. 186,29.0,ORIGINAL BRIDGE NO. 03816,PRI,2022,6f1e198c-20ff-4a75-9069-a165e93b9a25,71.714984283446
900,WINDSOR,291-W,1.099,1.24,164,01431,CAPTAIN JOHN BISSELL BRIDGE,1957.0,P.A. 186,29.0,A.K.A. BISSELL BRIDGE,PRI,2022,9d5f8bd9-9bb3-46c9-bd86-f3b146a05c88,729.14020961111
901,SOUTH WINDSOR,291-W,1.24,1.421,132,01431,CAPTAIN JOHN BISSELL BRIDGE,1957.0,P.A. 186,29.0,A.K.A. BISSELL BRIDGE,PRI,2022,4e045bc6-ec31-4d84-9f8e-5923612e0727,956.220306783648
902,WETHERSFIELD,3-S,11.638,11.86,159,00417,WILLIAM H. PUTNAM BRIDGE,1958.0,P.A. 186,29.0,A.K.A. PUTNAM BRIDGE,PRI,2022,bc867aa4-34b0-4640-8fb2-aa6bb1767a6e,1202.80768967948
903,HARTFORD,44-E,53.8,53.89,63,00980A,MORGAN G. BULKELEY BRIDGE,1922.0,P.A. 186,29.0,NAMED BY HARTFORD COMMON COUNCIL 1/22/1922,SEC,2022,5936900b-7012-477c-ae54-e72f81bd8865,506.293586015244
904,ENFIELD,5-N,52.016,52.062,48,03361,"""LTC ROBERT ALBERT """"HITCHCOCK"""" BURNHAM MEMORIAL BRIDGE""",2009.0,P.A. 186,36.0,"CORRECTIVE 11-256, SEC. 37",PRI,2022,cf7f56d3-1015-411b-a05a-6d0fc85a4b9b,236.556076862571
905,BRANFORD,0140272,0.294,0.341,14,00190,FRANK KINNEY JR. MEMORIAL BRIDGE,2017.0,P.A. 230,31.0,NAMED BY HARTFORD COMMON COUNCIL 1/22/1922,PRI,2022,4688170b-5a65-4847-83ba-7494e557017f,251.595672943409
906,WOODBURY,61-N,0.344,0.355,168,05761,NONNEWAUG RIVER BRIDGE,1957.0,P.A. 186,29.0,ORIGINAL BRIDGE 03818,PRI,2022,4e397bdd-034c-4c03-9d56-cbfe5d2daa5c,60.3188660334202
907,NEW MILFORD,67-E,0.079,0.137,95,00901,VETERANS MEMORIAL BRIDGE,1953.0,S.A. 463,29.0,(SEE RT.202),SEC,2022,43e4da8b-28cf-49e4-8737-e64012789a4e,328.033632427593
908,OLD LYME,1-N,82.86,83.104,104,06200A,RAYMOND E. BALDWIN BRIDGE,1947.0,H.J.R. 254,29.0,"ORIGINAL BRIDGE 00240, A.K.A. BALDWIN BRIDGE",PRI,2022,e9f5bb01-e2ab-4417-bce2-0cf37151c933,1296.5821762567
909,NEW MILFORD,7-N,36.916,36.92,95,00554,OFFICER DONALD HASSIAK MEMORIAL BRIDGE,2011.0,P.A. 256,29.0,NAMED BY HARTFORD COMMON COUNCIL 1/22/1922,PRI,2022,cfd8a86b-bb04-485c-990d-85e02cbaa11a,20.5382665872924
910,NEW BRITAIN,71-N,17.315,17.356,88,06057,ANTHONY TERCYAK MEMORIAL BRIDGE,2007.0,P.A. 232,14.0,NAMED BY HARTFORD COMMON COUNCIL 1/22/1922,PRI,2022,8d569648-a527-4360-b5bb-298faab986fa,204.302935667078
911,MILFORD,15-N,37.53,37.619,83,00761,IGOR SIKORSKY MEMORIAL BRIDGE,1989.0,S.A. 51,3.0,A.K.A. HOUSATONIC RIVER BRIDGE OR TIN BRIDGE,PRI,2022,663415d6-86f1-4cc1-aa67-db6763ccf154,453.023017757358
912,HARWINTON,8-N,45.09,45.138,65,00608,TROOPER JAMES SAVAGE MEMORIAL BRIDGE,2009.0,P.A. 186,22.0,NAMED BY HARTFORD COMMON COUNCIL 1/22/1922,PRI,2022,04eb9afd-33d9-4509-8057-1dc352b98b2f,250.907972249821
913,GREENWICH,15-S,1.78,1.806,56,05653,RIVERSVILLE ROAD BRIDGE,1957.0,P.A. 186,29.0,ORIGINAL BRIDGE 00692,PRI,2022,7f2f8375-3881-4d31-afe3-918ca21f1acc,138.078475615908
914,MILFORD,15-S,37.53,37.618,83,00761,IGOR SIKORSKY MEMORIAL BRIDGE,1989.0,S.A. 51,3.0,A.K.A. HOUSATONIC RIVER BRIDGE OR TIN BRIDGE,PRI,2022,fdee0678-1ec7-465e-bf98-56dea46dbd47,497.918545574039
915,HARWINTON,8-S,45.09,45.149,65,00609,TROOPER JAMES SAVAGE MEMORIAL BRIDGE,2009.0,P.A. 186,22.0,NAMED BY HARTFORD COMMON COUNCIL 1/22/1922,PRI,2022,9c59db50-8aad-43f3-8520-ac0fb7bbef0c,306.633645736654
916,SHELTON,8-S-26,0.0,0.089,126,00571A,COMMODORE ISAAC HULL BRIDGE,1949.0,S.A. 25,29.0,A.K.A. ISAAC HULL BRIDGE OR DERBY-SHELTON BRIDGE,PRI,2022,3b1b6000-270f-453e-a698-6b4fdecac8e9,467.932643998719
917,HADDAM,82-E,3.695,3.78,60,01138,EAST HADDAM SWING BRIDGE,1957.0,P.A. 186,29.0,NAMED BY HARTFORD COMMON COUNCIL 1/22/1922,PRI,2022,9d210c41-3a24-456b-89c7-fc7aa2d473bf,454.390537381696
918,WINDSOR LOCKS,140-E,2.592,2.605,165,06154,WORLD WAR I VETERANS MEMORIAL BRIDGE,2011.0,P.A. 256,34.0,ORIGINAL 07-232-22 WORLD WAR I BRIDGE,PRI,2022,dfb6e5d6-c563-4a5b-80a2-5ceba16402ea,69.3403333762229
919,HARTFORD,84-E,62.585,62.7,63,00980A,MORGAN G. BULKELEY BRIDGE,1922.0,P.A. 186,29.0,NAMED BY HARTFORD COMMON COUNCIL 1/22/1922,PRI,2022,718d9595-2a5d-4091-9889-33c4729b7a4d,643.736734640059
920,EAST HARTFORD,84-E,62.7,62.827,42,00980A,MORGAN G. BULKELEY BRIDGE,1922.0,P.A. 186,29.0,NAMED BY HARTFORD COMMON COUNCIL 1/22/1922,PRI,2022,b453c0eb-9279-4108-bef2-ad629cd093fa,540.985152510425
921,WESTPORT,1-N,19.268,19.328,158,06137,RUTH STEINKRAUS COHEN MEMORIAL BRIDGE,2003.0,P.A. 115,5.0,NAMED BY HARTFORD COMMON COUNCIL 1/22/1922,PRI,2022,54e5ced8-0cfe-424d-bb07-bfd2a821f7ff,314.184470429417
922,MILFORD,1-N,35.34,35.435,83,00327,DEVON BRIDGE,1957.0,P.A. 186,29.0,A.K.A. WASHINGTON AVENUE BRIDGE,PRI,2022,cf3c4a2f-58eb-424f-8c14-4c14f8a0f3d3,496.778309737585
923,NEW HAVEN,1-N,49.231,49.411,92,00337,TOMLINSON BRIDGE,1957.0,P.A. 186,29.0,A.K.A. FORBES AVENUE BRIDGE OR WATER ST. BRIDGE,PRI,2022,5301721c-f25a-4305-a634-06717faf2bd0,934.339179071393
924,WESTBROOK,1-N,74.494,74.512,154,00348,JOHN H. WILSON MEMORIAL BRIDGE,2017.0,P.A. 230,29.0,NAMED BY HARTFORD COMMON COUNCIL 1/22/1922,PRI,2022,263905d8-e7a9-4c8e-8ec0-804703355148,96.0159329765056
925,GLASTONBURY,17-N,32.601,32.619,53,00867,ALEXANDER L. BOCCIARELLI MEMORIAL BRIDGE,2002.0,P.A. 123,21.0,NAMED BY HARTFORD COMMON COUNCIL 1/22/1922,PRI,2022,34c73467-74a5-4669-9e2c-70f068cd38b3,96.6323736389552
926,MARLBOROUGH,2-E,13.572,13.594,78,01708,THEODORE J. MAY JR. MEMORIAL BRIDGE,2021.0,175,25.0,NAMED BY HARTFORD COMMON COUNCIL 1/22/1922,PRI,2022,e53fda18-cfb4-4b3f-84b1-e1e11f369966,119.09898377447
927,OLD SAYBROOK,154-N,4.076,4.121,105,06275,CAUSEWAY BRIDGES (3),1957.0,P.A. 186,29.0,NAMED BY HARTFORD COMMON COUNCIL 1/22/1922,PRI,2022,8cf610eb-c8ab-452c-afa2-30263f149eba,240.997824385207
928,OLD SAYBROOK,154-N,4.338,4.37,105,06276,CAUSEWAY BRIDGES (3),1957.0,P.A. 186,29.0,NAMED BY HARTFORD COMMON COUNCIL 1/22/1922,PRI,2022,ca62c24e-9aae-4c0e-8457-691c83c982a2,169.571469309406
929,ANSONIA,853-E,0.3,0.342,2,04183,PETER HART BRIDGE,1957.0,S.A. 265,29.0,NAMED BY HARTFORD COMMON COUNCIL 1/22/1922,PRI,2022,46994d0a-73ee-4058-88b9-531da34647b6,236.094215821174
930,WEST HAVEN,162-E,5.25,5.259,156,05751,"""STATE REPRESENTATIVE RICHARD """"DICK"""" ROY MEMORIAL BRIDGE""",2021.0,175,26.0,NAMED BY HARTFORD COMMON COUNCIL 1/22/1922,PRI,2022,f91294d8-791b-486f-aebb-db7313c68028,39.3330454458068
931,THOMASTON,262-N,3.75,3.759,140,05633,FROST ROAD BRIDGE,1957.0,P.A. 186,29.0,ORIGINAL BRIDGE NO. 03816,PRI,2022,e54f7bb3-409f-4587-bd04-f64c23f15558,51.0110566953755
932,HARTFORD,91-N,35.91,35.967,63,00813,SERGEANT MATTHEW D. ARACE MEMORIAL BRIDGE,2007.0,P.A. 232,12.0,NAMED BY HARTFORD COMMON COUNCIL 1/22/1922,PRI,2022,f21d5f82-7b27-481b-b137-f0577f603c34,293.926319037309
933,HARTFORD,91-S,39.644,39.672,63,05994,OFFICERS' CLUB OF CONNECTICUT MEMORIAL BRIDGE,2007.0,P.A. 232,17.0,NAMED BY HARTFORD COMMON COUNCIL 1/22/1922,PRI,2022,bf4a4c96-8b14-48f3-ba80-f83f3bd8bdc4,144.458190276459
934,STAMFORD,95-N,6.495,6.508,135,00022,BOARD OF REPRESENTATIVE ELAINE MITCHELL MEMORIAL BRIDGE,2021.0,175,38.0,NAMED BY HARTFORD COMMON COUNCIL 1/22/1922,PRI,2022,cf14b130-b164-451e-a738-7e020579a735,68.4577519456369
935,DARIEN,95-N,11.885,11.918,35,00044,MILITARY ORDER OF THE PURPLE HEART BRIDGE,1998.0,P.A. 91,8.0,NAMED BY HARTFORD COMMON COUNCIL 1/22/1922,PRI,2022,e41ce15b-03a9-4c48-a2b6-d87b9d605821,179.977377252799
936,NORWALK,95-N,15.895,16.074,102,00059,YANKEE DOODLE BRIDGE,1957.0,S.A. 503,29.0,A.K.A. NORWALK RIVER BRIDGE,PRI,2022,6b171962-69fc-404c-b46a-7dc79bc3589e,912.062673536097
937,GROTON,95-N,96.748,96.839,58,01778,GROTON RESERVOIR BRIDGE,1957.0,P.A. 186,29.0,NORTHBOUND BRIDGE,PRI,2022,1955b69e-e5b0-4d28-831c-361202b5884f,485.332258917216
938,STAMFORD,95-S,6.502,6.515,135,00022,BOARD OF REPRESENTATIVE ELAINE MITCHELL MEMORIAL BRIDGE,2021.0,175,38.0,NAMED BY HARTFORD COMMON COUNCIL 1/22/1922,PRI,2022,855deaed-63f1-4c45-a7a3-77480af981dd,68.3818585404304
939,EAST HAVEN,95-S,50.991,51.0,43,00186,LAKE SALTONSTALL BRIDGE,1957.0,P.A. 186,29.0,NAMED BY HARTFORD COMMON COUNCIL 1/22/1922,PRI,2022,18169ca1-6741-46f9-af33-49ef0aa283e4,48.3435464918988
940,WETHERSFIELD,5-N,32.203,32.235,159,00642,CLINTON HUGHES MEMORIAL BRIDGE,2002.0,P.A. 123,18.0,NAMED BY HARTFORD COMMON COUNCIL 1/22/1922,SEC,2022,9aa05707-68f7-4042-993b-d487bfb770ac,152.870521478515
941,NORWALK,1020251,0.89,0.921,102,00060,DONALD F. REID MEMORIAL BRIDGE,2009.0,P.A. 186,57.0,"CORRECTIVE 2011 P.A. 256, SEC. 41",PRI,2022,72cf3a64-2481-4c6e-a41a-61f8fe7f492e,142.844197849566
942,STAMFORD,106-N,0.832,0.842,135,04399,COURTLAND AVENUE BRIDGE,1957.0,P.A. 186,29.0,NAMED BY HARTFORD COMMON COUNCIL 1/22/1922,PRI,2022,50086331-16a7-4a7b-a4c1-2a0703901e69,53.2768975944011
943,GREENWICH,684-N,1.373,1.385,56,03514,TAMMARACK SWAMP BRIDGE,1957.0,P.A. 186,29.0,"TRIO OF BRIDGES 03512, 03513, 03514",PRI,2022,0addd906-7c3b-4d06-8dd6-4e56aafee369,64.0157788181359
944,BROOKFIELD,7-N,27.73,27.771,18,03925,NANCY DUBOIS HAGMAYER MEMORIAL BRIDGE,2005.0,P.A. 210,23.0,ORIGINAL BRIDGE 00900,PRI,2022,781da93f-b5e2-4eef-9044-baa2e677547e,220.313048082027
945,ROXBURY,67-E,8.524,8.527,119,02430,HURLBUT BRIDGE,2003.0,P.A. 115,19.0,NAMED BY HARTFORD COMMON COUNCIL 1/22/1922,PRI,2022,0b064936-e596-4817-bc15-695472024ae9,15.006126440171
946,SEYMOUR,67-E,26.561,26.619,124,01062,STATE POLICE CAPTAIN JEROME DRUGONIS MEMORIAL BRIDGE,2021.0,175,37.0,NAMED BY HARTFORD COMMON COUNCIL 1/22/1922,PRI,2022,50e95fcd-e417-419e-9962-23d0ffcbeefc,265.185036621556
947,BRISTOL,72-N,8.214,8.261,17,06619,CSM ANTHONY V. SAVINO MEMORIAL BRIDGE,2011.0,P.A. 256,32.0,NAMED BY HARTFORD COMMON COUNCIL 1/22/1922,PRI,2022,100caf63-5fa7-4dd1-8c9b-8e88b43d93c9,241.399846130119
948,SHELTON,1260519,0.0,0.015,126,02921,VETERAN'S MEMORIAL BRIDGE,1974.0,S.A. 36,29.0,NAMED BY HARTFORD COMMON COUNCIL 1/22/1922,PRI,2022,7e047690-debf-494b-88b2-a2b65434098b,94.7553247296958
949,NORTH HAVEN,729-E,0.237,0.278,100,05723,THE FREDERICK R. JACKSON MEMORIAL BRIDGE,1991.0,S.A. 7,3.0,NAMED BY HARTFORD COMMON COUNCIL 1/22/1922,PRI,2022,43bd36f9-3b1b-4865-b5a6-492829590511,218.885265924118
950,NEW HAVEN,745-E,0.84,0.89,92,03612,OFFICER ROBERT VINCENT FUMIATTI MEMORIAL BRIDGE,2013.0,P.A. 277,40.0,NAMED BY HARTFORD COMMON COUNCIL 1/22/1922,PRI,2022,14cd2dfe-2bdb-4f76-890d-286e2dd26dd8,233.907658622533
951,LITCHFIELD,8-N,45.005,45.09,73,00608,TROOPER JAMES SAVAGE MEMORIAL BRIDGE,2009.0,P.A. 186,22.0,NAMED BY HARTFORD COMMON COUNCIL 1/22/1922,PRI,2022,a011c19b-bbc3-4cad-823b-41673de67d83,452.922270335719
952,SOUTHBURY,84-E,18.48,18.559,130,01218,THE GENERAL ROCHAMBEAU BRIDGE,1953.0,S.A. 117,29.0,(EB ONLY- SEE I-84),PRI,2022,7e277138-e1f2-419c-b6c4-425756cc0816,418.669765534367
953,SHELTON,8-N-25,0.095,0.15,126,00571A,COMMODORE ISAAC HULL BRIDGE,1949.0,S.A. 25,29.0,A.K.A. ISAAC HULL BRIDGE OR DERBY-SHELTON BRIDGE,PRI,2022,fefccb5e-e91c-488a-9b3e-69ce8d5e2c65,284.483733487046
954,BRANFORD,146-E,2.578,2.582,14,02675,SYBIL CREEK BRIDGE,1957.0,P.A. 186,29.0,NAMED BY HARTFORD COMMON COUNCIL 1/22/1922,PRI,2022,e4d9076c-f90b-46c2-8fec-d81e5f5ca13c,21.280844101299
955,GUILFORD,146-E,11.317,11.329,59,04379,WEST RIVER BRIDGE,1957.0,P.A. 186,29.0,NAMED BY HARTFORD COMMON COUNCIL 1/22/1922,PRI,2022,fcb27930-232a-41ed-8ca3-3073aca5fef3,58.9212644831816
956,CHESHIRE,84-E,38.146,38.19,25,01076,BRIGADIER GENERAL JOHN P. LAWLOR JR. BRIDGE,2021.0,175,41.0,NAMED BY HARTFORD COMMON COUNCIL 1/22/1922,PRI,2022,54bddb44-b50c-49ca-9351-584491f7ddad,225.614717506779
957,SHELTON,8-N-24,0.061,0.1,126,00571A,COMMODORE ISAAC HULL BRIDGE,1949.0,S.A. 25,29.0,A.K.A. ISAAC HULL BRIDGE OR DERBY-SHELTON BRIDGE,PRI,2022,87b122d6-d011-4bd2-8a95-67013db60bf1,216.481800447019
958,SHELTON,8-S,12.283,12.48,126,00571A,COMMODORE ISAAC HULL BRIDGE,1949.0,S.A. 25,29.0,A.K.A. ISAAC HULL BRIDGE OR DERBY-SHELTON BRIDGE,PRI,2022,c4308e4c-9f7c-421a-98d3-09740ae987e8,1023.68580940773
959,CLINTON,1-N,73.413,73.418,27,04344,HAMMOCK RIVER BRIDGE,1957.0,P.A. 186,29.0,NAMED BY HARTFORD COMMON COUNCIL 1/22/1922,PRI,2022,abd6c00b-78b0-4c2b-a9a7-88df06539ff7,26.8146786034008
960,WATERBURY,84-E-226,0.264,0.298,151,01224A,SGT. JOSEPH M. NOLAN MEMORIAL BRIDGE,2017.0,P.A. 230,37.0,NAMED BY HARTFORD COMMON COUNCIL 1/22/1922,PRI,2022,2c07839a-fe76-4dba-bee3-f3e42972b25d,180.485777706227
961,EAST HARTFORD,84-W,62.7,62.815,42,00980A,MORGAN G. BULKELEY BRIDGE,1922.0,P.A. 186,29.0,NAMED BY HARTFORD COMMON COUNCIL 1/22/1922,PRI,2022,0973c368-f5a6-4002-8af3-4849a99db64b,542.564362292916
962,MIDDLETOWN,17-N,22.178,22.22,82,00638,JEWISH WAR VETERANS MAJOR GENERAL MAURICE ROSE - POST 51 MEMORIAL BRIDGE,2015.0,P.A. 5,184.0,NAMED BY HARTFORD COMMON COUNCIL 1/22/1922,SEC,2022,47ee079b-733f-4e7c-aeb9-023970f0068c,222.127743399356
963,TOLLAND,195-N,15.201,15.24,142,00838,GARY M. PASSARO MEMORIAL BRIDGE,2009.0,P.A. 186,32.0,NAMED BY HARTFORD COMMON COUNCIL 1/22/1922,PRI,2022,ff91a761-4df4-47f0-b907-f53ec007b796,204.019051581391
964,THOMASTON,848-N,3.196,3.294,140,00603,REYNOLDS BRIDGE,1957.0,P.A. 186,29.0,NAMED BY HARTFORD COMMON COUNCIL 1/22/1922,PRI,2022,b0a78b76-f0b6-4b72-86fe-332d34e14330,486.457179458761
965,DERBY,853-E,0.24,0.3,36,04183,PETER HART BRIDGE,1957.0,S.A. 265,29.0,NAMED BY HARTFORD COMMON COUNCIL 1/22/1922,PRI,2022,0a397863-7098-40fa-adc7-4ed301842cc7,301.821891069671
966,NEW HAVEN,1-N,48.28,48.314,92,00334,WATER STREET BRIDGE,1957.0,P.A. 186,29.0,NAMED BY HARTFORD COMMON COUNCIL 1/22/1922,PRI,2022,cbad6513-50bf-4e7e-af5d-a23055d3c95f,165.954034158621
967,WESTBROOK,1-N,75.039,75.064,154,00349,THE SINGING BRIDGE,2017.0,P.A. 230,28.0,NAMED BY HARTFORD COMMON COUNCIL 1/22/1922,PRI,2022,ae508a99-5459-4801-af05-9ee6135be705,131.921704793843
968,OLD SAYBROOK,1-N,82.643,82.86,105,06200A,RAYMOND E. BALDWIN BRIDGE,1947.0,H.J.R. 254,29.0,"ORIGINAL BRIDGE 00240, A.K.A. BALDWIN BRIDGE",SEC,2022,d82512ea-9c30-4d6b-b159-7d07837cca3b,1253.64708277967
969,NEW LONDON,1-N,101.055,101.081,94,03820,U.S. SUBMARINE VETERANS WORLD WAR II MEMORIAL BRIDGE,2005.0,P.A. 210,2.0,"ORIGINAL BRIDGE 03820, SOUTHBOUND BRIDGE",SEC,2022,7920b55e-05c2-4637-9ad1-ca1bd6e7d6b1,126.669508100899
970,AVON,10-N,39.872,39.908,4,06521,CORPORAL GILDO T. CONSOLINI MEMORIAL BRIDGE,2011.0,P.A. 256,27.0,NAMED BY HARTFORD COMMON COUNCIL 1/22/1922,SEC,2022,ea2a0cd3-554d-4a1e-a435-7847544037ff,189.592561113187
971,BERLIN,9-S,31.643,31.681,7,05801,STEVEN DOUGLAS SMART MEMORIAL BRIDGE,2005.0,P.A. 210,22.0,NAMED BY HARTFORD COMMON COUNCIL 1/22/1922,PRI,2022,f6e4cff3-25be-4eb7-a098-27aabb50c1df,204.96728613209
972,CANTON,179-N,2.034,2.089,23,01491,SERGEANT MICHAEL DUBIEL MEMORIAL BRIDGE,2005.0,P.A. 210,4.0,NAMED BY HARTFORD COMMON COUNCIL 1/22/1922,PRI,2022,5918abfb-130b-44a9-a5e5-6cf0a6a260b5,299.773986463502
973,PORTLAND,17A-N,2.271,2.275,112,02197,SGT. FIRST CLASS JOHN BEDNARZ MEMORIAL BRIDGE,2021.0,175,33.0,NAMED BY HARTFORD COMMON COUNCIL 1/22/1922,PRI,2022,51a85db9-4f67-463c-9b25-59b272c43606,21.1227737969785
974,ENFIELD,190-E,2.83,2.968,48,03295,ENFIELD-SUFFIELD VETERAN'S BRIDGE,1967.0,S.A. 418,29.0,NAMED BY HARTFORD COMMON COUNCIL 1/22/1922,PRI,2022,ea900a7a-aff0-480e-b302-103c36b739e3,730.470253734077
975,EAST WINDSOR,191-N,2.728,2.746,46,01524,STILES BRIDGE,1988.0,S.A. 72,1.0,NAMED BY HARTFORD COMMON COUNCIL 1/22/1922,PRI,2022,0f953c15-1605-4f9d-b5cf-66378d0a43c8,83.2720707967341
976,WINDSOR,291-E,1.104,1.24,164,01431,CAPTAIN JOHN BISSELL BRIDGE,1957.0,P.A. 186,29.0,A.K.A. BISSELL BRIDGE,PRI,2022,757aca7e-b6eb-43d1-82c2-5f575c620d0e,727.605777135534
977,SOUTH WINDSOR,291-E,1.24,1.423,132,01431,CAPTAIN JOHN BISSELL BRIDGE,1957.0,P.A. 186,29.0,A.K.A. BISSELL BRIDGE,PRI,2022,c4da7cc9-d4fe-40f3-9bf1-6de93315bca3,958.194795442009
978,NORWICH,12-N,12.142,12.216,103,00661,WORLD WAR II VETERANS BRIDGE,1957.0,S.A. 282,29.0,NAMED BY HARTFORD COMMON COUNCIL 1/22/1922,PRI,2022,6ebccb4f-cee6-4927-b794-05a274fcda87,392.917760740796
979,CORNWALL,128-E,0.05,0.082,31,01338,WEST CORNWALL COVERED BRIDGE (WOODEN),1957.0,P.A. 186,29.0,NAMED BY HARTFORD COMMON COUNCIL 1/22/1922,PRI,2022,affb1749-cf7e-4aa8-a268-5f3cb0557d8b,165.888492829522
980,NORWICH,2-E,39.902,39.976,103,00661,WORLD WAR II VETERANS BRIDGE,1957.0,S.A. 282,29.0,NAMED BY HARTFORD COMMON COUNCIL 1/22/1922,SEC,2022,beb1153c-c5ff-4bf4-8951-f622167c6c6c,392.917760740796
981,EAST HARTFORD,2-W,0.2,0.265,42,00371A,FOUNDERS BRIDGE,1955.0,S.A. 36,29.0,NAMED BY HARTFORD COMMON COUNCIL 1/22/1922,PRI,2022,06ee3450-bdac-4cfb-90c3-fcad87a3707e,480.745931654445
982,NEW MILFORD,202-N,19.309,19.367,95,00901,VETERANS MEMORIAL BRIDGE,1953.0,S.A. 463,29.0,(SEE RT.202),PRI,2022,671ec11a-5d30-43e5-8870-f45cd60019a5,328.033632427593
983,WETHERSFIELD,91-S,35.129,35.194,159,01460,VETERANS OF THE BATTLE OF THE BULGE MEMORIAL BRIDGE,2001.0,P.A. 105,34.0,NAMED BY HARTFORD COMMON COUNCIL 1/22/1922,PRI,2022,d4acb1a6-b5cc-4711-9e79-2501c536bbff,345.060508717653
984,BRIDGEWATER,133-N,3.65,3.726,16,01343,SOUTHVILLE BRIDGE,1957.0,P.A. 186,29.0,NAMED BY HARTFORD COMMON COUNCIL 1/22/1922,PRI,2022,ef434756-91cf-40ea-abd3-aed25e34ebc8,417.178760057596
985,STRATFORD,95-N,34.242,34.54,138,00135,MOSES WHEELER BRIDGE,1961.0,S.A. 35,29.0,NAMED BY HARTFORD COMMON COUNCIL 1/22/1922,PRI,2022,09573187-dcdd-466f-b660-22c589f28f44,1541.87329038237
986,WETHERSFIELD,15-N,79.793,79.825,159,00642,CLINTON HUGHES MEMORIAL BRIDGE,2002.0,P.A. 123,18.0,NAMED BY HARTFORD COMMON COUNCIL 1/22/1922,PRI,2022,e27e9d41-7666-4d24-a668-3c416cd8a013,152.870521478515
987,NORWICH,395-S,18.172,18.26,103,00281,REV. HORMISDAS C. BELEC BRIDGE,1959.0,H.J.R. 172,29.0,NAMED BY HARTFORD COMMON COUNCIL 1/22/1922,PRI,2022,b72e3f04-1d36-495c-a4e2-4b0422406b88,427.327013157459
988,LISBON,395-S,18.26,18.311,72,00281,REV. HORMISDAS C. BELEC BRIDGE,1959.0,H.J.R. 172,29.0,NAMED BY HARTFORD COMMON COUNCIL 1/22/1922,PRI,2022,8c9be6d8-3460-4e05-872d-f2fc6f4ef6f0,259.734305610454
989,SPRAGUE,97-N,5.388,5.432,133,01292,LORD'S BRIDGE,2017.0,P.A. 230,35.0,NAMED BY HARTFORD COMMON COUNCIL 1/22/1922,PRI,2022,cf2e6dbc-0494-4467-85b6-e53a68aa9bbe,243.794729583714
990,AVON,44-E,44.712,44.748,4,06521,CORPORAL GILDO T. CONSOLINI MEMORIAL BRIDGE,2011.0,P.A. 256,27.0,NAMED BY HARTFORD COMMON COUNCIL 1/22/1922,PRI,2022,527a359e-3c79-444a-a32f-ebfb7b04bf50,189.592561113187
991,HARTFORD,44-E,53.78,53.8,63,00980A,MORGAN G. BULKELEY BRIDGE,1922.0,P.A. 186,29.0,NAMED BY HARTFORD COMMON COUNCIL 1/22/1922,PRI,2022,b20d4276-13ab-49f2-85b6-ca5c9489d2b2,141.28839741736
992,EAST HARTFORD,6-E,64.62,64.747,42,00980A,MORGAN G. BULKELEY BRIDGE,1922.0,P.A. 186,29.0,NAMED BY HARTFORD COMMON COUNCIL 1/22/1922,SEC,2022,1f74e173-0f86-4d08-82b5-be8d2b2054c8,540.985152510425
993,HADDAM,154-N,25.71,25.719,60,00625,PHILIP GOFF MEMORIAL BRIDGE,2017.0,P.A. 186,29.0,NAMED BY HARTFORD COMMON COUNCIL 1/22/1922,PRI,2022,b133c60e-8a3a-4d6d-8081-afb3dd965034,44.6023160952056
