objectid(long),cyclevalue(long),id_three_zero_five_b,namevalue,locationvalue,milessquare(double precision),marineaquaticlife,recreation,fishconsumption,shellfish,shape_area(double precision),shape_length(double precision)
1.0,2008,CT-E1_017,"LIS EB Inner - Alewife Cove, Waterford/New London","See Map for Boundaries. Eastern portion of LIS, Inner Estuary, Alewife Cove from outlet at Waterford Beach Park Picnic Area, US to Saltwater limit at Niles Hill Road crossing, Waterford.",0.03711888,Not Supporting,Not Assessed,Fully Supporting,Not Supporting Harvesting for Direct Consumption,5757117.02087402,18206.9738212562
3.0,2008,CT-W1_003-SB,"LIS WB Inner - Ash Creek, Fairfield","See Map for Boundaries. Western portion of LIS, Inner Estuary, from SA/SB water quality line at mouth near South Benson Road, US to saltwater limit at I95, Fairfield/Bridgeport.",0.31409882,Not Supporting,Not Supporting,Fully Supporting,Not Supporting Commercial Harvesting where Authorized,5757117.02087402,18206.9738212562
4.0,2008,CT-W1_002-SB,"LIS CB Inner - Inner Branford Harbor, Branford","See Map for Boundaries. Western portion of LIS, Inner Estuary, from SA/SB water quality line at mouth at Fayerweather Island area, US to saltwater limit at I95 (includes Burr Creek, Cedar Creek, all SB water of Harbor area), Bridgeport.",0.03711888,Not Supporting,Not Supporting,Fully Supporting,Not Supporting Commercial Harvesting where Authorized,5757117.02087402,18206.9738212562
5.0,2008,CT-W1_022-SB,"LIS EB Inner - Beebe Cove (Mystic Harbor), Groton","See Map for Boundaries. Eastern portion of LIS, Inner Estuary, Alewife Cove from outlet at Waterford Beach Park Picnic Area, US to Saltwater limit at Niles Hill Road crossing, Waterford.",0.03711888,Not Assessed,Not Supporting,Fully Supporting,Not Supporting Commercial Harvesting where Authorized,1034815.0005188,22885.8049632883
7.0,2008,CT-E1_009,"LIS EB Inner - Beebe Cove (Mystic Harbor), Groton","See Map for Boundaries. Eastern portion of LIS, Inner Estuary, Beebe Cove (Mystic Harbor) waters west of two RR crossings along shore, Groton.",0.03275425,Not Assessed,Not Assessed,Fully Supporting,Not Supporting Harvesting for Direct Consumption,5757117.02087402,16817.5379882634
8.0,2008,CT-E1_022,"LIS CB Inner - Inner Branford Harbor, Branford","See Map for Boundaries. Western portion of LIS, Inner Estuary, from SA/SB water quality line at mouth near South Benson Road, US to saltwater limit at I95, Fairfield/Bridgeport.",0.02935303,Not Assessed,Not Supporting,Fully Supporting,Not Supporting Harvesting for Direct Consumption,818315.725280762,16817.5379882634
11.0,2008,CT-E1_026-SB,"LIS EB Inner - Black Hall River (upper), Old Lyme","See Map for Boundaries. Eastern portion of LIS, Inner Estuary, Black Hall River from Route 156 crossing, US to saltwater limit at Mile Creek Road crossing, Old Lyme.",0.041089,Not Assessed,Not Assessed,Fully Supporting,Not Supporting Commercial Harvesting where Authorized,8756572.60620117,17338.9153349127
10.0,2008,CT-E1_026-SB,"LIS CB Inner - Branford River, Branford","See Map for Boundaries. Central portion of LIS, Inner Estuary, SA water from SA/SB water quality line at RR crossing above Route 146 crossing, US to saltwater limit near Route 1, Branford.",0.2720746,Not Assessed,Not Assessed,Fully Supporting,Not Supporting Harvesting for Direct Consumption,7585004.57037354,18206.9738212562
11.0,2008,CT-C1_009-SB,"LIS CB Inner - Inner Branford Harbor, Branford","See Map for Boundaries. Central portion of LIS, Inner Estuary, SA water from SA/SB water quality line at RR crossing above Route 146 crossing, US to saltwater limit near Route 1, Branford.",0.31409882,Insufficient Information,Not Assessed,Fully Supporting,Not Supporting Commercial Harvesting where Authorized,8756572.60620117,18206.9738212562
12.0,2008,CT-C1_018-SB,"LIS EB Inner - Inner Stonongton Harbor, Stonington","See Map for Boundaries. Eastern portion of LIS, Inner Estuary, Beebe Cove (Mystic Harbor) waters west of two RR crossings along shore, Groton.",0.2720746,Not Assessed,Not Assessed,Fully Supporting,Not Supporting Commercial Harvesting where Authorized,7585004.57037354,22885.8049632883
13.0,2008,CT-W1_007,"LIS WB Inner - Ash Creek, Fairfield","See Map for Boundaries. Western portion of LIS, Inner Estuary, from SA/SB water quality line at mouth at Fayerweather Island area, US to saltwater limit at I95 (includes Burr Creek, Cedar Creek, all SB water of Harbor area), Bridgeport.",0.2720746,Not Assessed,Not Supporting,Fully Supporting,Not Supporting Harvesting for Direct Consumption,8756572.60620117,17338.9153349127
5.0,2008,CT-W1_006,"LIS CB Inner - Inner Branford Harbor, Branford","See Map for Boundaries. Eastern portion of LIS, Inner Estuary, Black Hall River from Route 156 crossing, US to saltwater limit at Mile Creek Road crossing, Old Lyme.",0.03275425,Not Supporting,Not Supporting,Not Supporting,Not Supporting Harvesting for Direct Consumption,5757117.02087402,17338.9153349127
15.0,2008,CT-W1_010-SB,"LIS EB Inner - Inner Stonongton Harbor, Stonington","See Map for Boundaries. Central portion of LIS, Inner Estuary, SA water from SA/SB water quality line at RR crossing above Route 146 crossing, US to saltwater limit near Route 1, Branford.",0.03275425,Not Assessed,Not Assessed,Fully Supporting,Not Supporting Commercial Harvesting where Authorized,1034815.0005188,17338.9153349127
16.0,2008,CT-E1_017,"LIS WB Inner - Fivemile River (mouth), Norwalk","See Map for Boundaries. Eastern portion of LIS, Inner Estuary, Beebe Cove (Mystic Harbor) waters west of two RR crossings along shore, Groton.",0.16422125,Not Assessed,Not Assessed,Fully Supporting,Not Supporting Commercial Harvesting where Authorized,4578225.93515015,17338.9153349127
16.0,2008,CT-C1_009-SB,"LIS WB Inner - Greenwich Harbor, Greenwich","See Map for Boundaries. Western portion of LIS, Inner Estuary, from SA/SB water quality line at mouth of Greenwich Harbor (Round Island to Smith Cove), US to saltwater limit just below I95 (mouth of Horseneck Brook), Greenwich.",0.10355516,Not Supporting,Not Assessed,Fully Supporting,Not Supporting Commercial Harvesting where Authorized,4578225.93515015,22885.8049632883
19.0,2008,CT-E1_009,"LIS EB Inner - Pawcatuck River (01), Stonington","See Map for Boundaries. Central portion of LIS, Inner Estuary, SA water from SA/SB water quality line at RR crossing above Route 146 crossing, US to saltwater limit near Route 1, Branford.",0.02935303,Not Supporting,Not Assessed,Fully Supporting,Not Supporting Commercial Harvesting where Authorized,2860400.67156982,16817.5379882634
21.0,2008,CT-C1_018-SB,"LIS EB Inner - Inner Stonongton Harbor, Stonington","See Map for Boundaries. Western portion of LIS, Inner Estuary, from SA/SB water quality line at mouth of Greenwich Harbor (Round Island to Smith Cove), US to saltwater limit just below I95 (mouth of Horseneck Brook), Greenwich.",0.2720746,Not Assessed,Not Assessed,Fully Supporting,Not Supporting Harvesting for Direct Consumption,6302944.70812988,17338.9153349127
23.0,2008,CT-C1_009-SB,"LIS WB Inner - Pine Creek, Fairfield","See Map for Boundaries. Western portion of LIS, Inner Estuary, from SA/SB water quality line at mouth near South Benson Road, US to saltwater limit at I95, Fairfield/Bridgeport.",0.16422125,Not Assessed,Not Assessed,Fully Supporting,Not Supporting Harvesting for Direct Consumption,1675498.77685547,18206.9738212562
7.0,2008,CT-C2_002,"LIS CB Shore - Westbrook Harbor (West), Westbrook","See Map for Boundaries. Western portion of LIS, Inner Estuary, from SA/SB water quality line at mouth of Greenwich Harbor (Round Island to Smith Cove), US to saltwater limit just below I95 (mouth of Horseneck Brook), Greenwich.",0.02935303,Not Assessed,Fully Supporting,Fully Supporting,Not Supporting Harvesting for Direct Consumption,6430481.45751953,14980.2404508867
25.0,2008,CT-C2_003,"LIS CB Shore - Clinton Beach, Clinton","See Map for Boundaries. Central portion of LIS from Kelsey Point to Grove Beach Point area (to Portside Drive, includes Patchogue River outlet), out approximately 1000 ft offshore, Clinton/Westbrook.",0.51580599,Not Assessed,Not Assessed,Fully Supporting,Not Supporting Harvesting for Direct Consumption,14379845.9512939,32526.4247364595
27.0,2008,CT-W2_013,"LIS WB Shore - Outer Norwalk Harbor(West), Norwalk","See Map for Boundaries. Western portion of LIS from just west of Hoyt Island to midpoint of outer Norwalk Harbor (includes Hickory Bluff Beach, Hoyt Island, Keyser Point) out approximately 1000 ft offshore, Norwalk.",0.36539041,Not Supporting,Fully Supporting,Fully Supporting,Not Supporting Harvesting for Direct Consumption,10186500.1932678,35295.4720116418
28.0,2008,CT-C2_005,"LIS CB Shore - Hammonasset Beach, Madison","See Map for Boundaries. Central portion of LIS from Webster Point to West Rock area (includes Hammonasset State Park Beach), out approximately 1000 ft offshore, Madison.",0.58325977,Not Assessed,Fully Supporting,Fully Supporting,Not Supporting Harvesting for Direct Consumption,16260349.2558594,45849.5071755053
29.0,2008,CT-E3_001,LIS EB Midshore - Stonington,"See Map for Boundaries. Eastern portion of LIS from approximately 1000 ft offshore (Little Narragansett Bay), out to CT/NY State line.",0.58491497,Not Assessed,Not Assessed,Fully Supporting,Not Supporting Harvesting for Direct Consumption,16306493.5961914,20298.633263009
30.0,2008,CT-E2_001,"LIS EB Shore - Wequetequock Cove, Stonington","See Map for Boundaries. Eastern portion of LIS from RR crossing on east side of Wequetequock cove to mouth of Pawcatuck River, out approximately 1000 ft offshore (Little Narragansett Bay).",0.61929586,Not Assessed,Not Assessed,Fully Supporting,Not Supporting Harvesting for Direct Consumption,17264977.8419189,59702.8831907662
31.0,2008,CT-W2_010,"LIS WB Shore - Compo Beach, Cedar Point, Westport","See Map for Boundaries. Western portion of LIS from Saugatuck Shores area to Compo Cove (includes Compo Beach, Cedar Point, Saugatuck River outlet, Owenoke) out approximately 1000 ft offshore, Westport.",0.41875298,Not Assessed,Fully Supporting,Fully Supporting,Not Supporting Harvesting for Direct Consumption,11674163.2915344,25238.8473508255
32.0,2008,CT-W3_006,"LIS WB Midshore - Sherwood Point, Westport","See Map for Boundaries. Western portion of LIS from approximately 1000 ft offshore (Saugatuck River mouth, Compo Cove, Sherwood Island Sate Park area), out to 50 ft contour, Westport.",9.68987591,Not Supporting,Not Assessed,Fully Supporting,Not Supporting Harvesting for Direct Consumption,270138236.836212,75378.0956926134
33.0,2008,CT-C3_016,LIS CB Midshore - West Haven,"See Map for Boundaries. Central portion of LIS, SA water from SA/SB water boundary along outer New Haven Harbor, out to 50 ft contour, West Haven.",6.12085444,Not Supporting,Not Assessed,Fully Supporting,Not Supporting Harvesting for Direct Consumption,170639628.623352,58735.5333781605
34.0,2008,CT-E3_010,LIS EB Midshore - Old Saybrook,"See Map for Boundaries. Eastern portion of LIS from approximately 1000 ft offshore Guardhous Point, to SB/SA water quality boundary, Old Saybrook (Mouth of Connecticut River), out to 50 ft contour.",4.40852689,Fully Supporting,Not Assessed,Fully Supporting,Not Supporting Harvesting for Direct Consumption,122902676.143433,46023.1439721381
35.0,2008,CT-E3_008,"LIS EB Midshore - Old Lyme, CT River","See Map for Boundaries. Eastern portion of LIS from SB/SA water quality boundary near CT River mouth to approximately 1000 ft offshore Hatchett Point, Old Lyme, out to 50 ft contour (offshore of Connecticut River).",3.51738638,Fully Supporting,Not Assessed,Fully Supporting,Not Supporting Harvesting for Direct Consumption,98059104.4926758,47590.3354095106
36.0,2008,CT-W1_011,"LIS WB Inner - Saugatuck River, Westport","See Map for Boundaries. Western portion of LIS, Inner Estuary, from SA/SB water quality line at RR crossing (DS of I95 crossing), US to saltwater limit at Hydraulic Pond outlet Dam, Westport.",0.18871986,Not Assessed,Not Assessed,Fully Supporting,Not Supporting Harvesting for Direct Consumption,5261207.77935791,36982.8585533431
37.0,2008,CT-C1_017,"LIS CB Inner - Oyster River, Milford","See Map for Boundaries. Central portion of LIS, Inner Estuary, from mouth at Oyster River Beach (just DS of New Haven Avenue crossing), US to saltwater limit near Woodmont Road, Milford.",0.0123927,Not Supporting,Not Assessed,Fully Supporting,Not Supporting Harvesting for Direct Consumption,345488.811096191,13934.9533915398
38.0,2008,CT-C1_016,"LIS CB Inner - Cove River, West Haven","See Map for Boundaries. Central portion of LIS, Inner Estuary, from mouth at West Haven West Beach (just DS of Ocean Avenue crossing), US to saltwater limit near Riverview Terrace, West Haven.",0.00815046,Not Supporting,Not Assessed,Fully Supporting,Not Supporting Harvesting for Direct Consumption,227221.790588379,8911.65684082543
39.0,2008,CT-E1_012,"LIS EB Inner - Poquonuck River (Mouth), Groton","See Map for Boundaries. Eastern portion of LIS, Inner Estuary, Poquonuck River from mouth at Baker Cove (along East of Groton-New London Airport), US to saltwater limit just US of RR crossing, Groton.",0.36658811,Not Assessed,Not Assessed,Fully Supporting,Not Supporting Harvesting for Direct Consumption,10219890.0637817,41045.3933201836
40.0,2008,CT-E1_013,"LIS EB Inner - Baker Cove, Groton","See Map for Boundaries. Eastern portion of LIS, Inner Estuary, Baker cove from Avery Point and tip of Pine Island, to mouth of Poquonuck River (South of Groton-New London Airport), Groton.",0.31438643,Not Assessed,Not Assessed,Fully Supporting,Not Supporting Harvesting for Direct Consumption,8764590.71289063,28487.1170412456
41.0,2008,CT-E1_015-SB,"LIS EB Inner - Thames River (middle), Ledyard","See Map for Boundaries. Eastern portion of LIS, Inner Estuary, Thames River from I95 crossing, US to just below outlet of Poquetanuck Cove (near Walden Island), and adjacent to Route 12 at Cardinal Lane intersection, Ledyard.",3.31590894,Not Supporting,Not Supporting,Fully Supporting,Not Supporting Commercial Harvesting where Authorized,92442236.0233765,165470.097581348
42.0,2008,CT-E1_020,"LIS EB Inner - Niantic River (mouth), Niantic","See Map for Boundaries. Eastern portion of LIS, Inner Estuary, Niantic River (Inner Niantic Bay) from outlet at Route 156 and RR crossing, US to saltwater limit in Banning Cove (between Route 1 crossing and I95/I395), East Lyme/Waterford.",1.30455058,Not Supporting,Fully Supporting,Fully Supporting,Not Supporting Harvesting for Direct Consumption,36368783.0807495,68748.1940414993
43.0,2008,CT-C1_019-SB,"LIS CB Inner - Housatonic River (mouth), Milford","See Map for Boundaries. Central portion of LIS, Inner Estuary, from mouth between Sniffens Point and Milford Point, US to Route 1 crossing (includes Nells Island area, lower Beaver Brook to saltwater limit, Goose Island, Crimbo Point), Milford/Stratford",0.80513473,Not Supporting,Not Assessed,Fully Supporting,Not Supporting Commercial Harvesting where Authorized,22445868.1459351,160562.942934643
44.0,2008,CT-W1_001-SB,"LIS WB Inner - Bridgeport Harbor, Bridgeport","See Map for Boundaries. Western portion of LIS from SA/SB water quality line at mouth at Pleasure Beach area, US to saltwater limit in Pequonnock River and Lewis Gut (includes Yellow Mill Channel, Johnsons Crk, all SB water of Harbor area), Bridgeport",1.43415755,Not Supporting,Not Supporting,Fully Supporting,Not Supporting Commercial Harvesting where Authorized,39982017.9476318,199178.427272553
45.0,2008,CT-W1_018-SB,"LIS WB Inner - Stamford Harbor (Inner), Stamford","See Map for Boundaries. Western portion of LIS, Inner Estuary, from Cook Road and across to Yacht Club, US to saltwater limit in both the West (Route 137 crossing above I95 crossing) and East (Jefferson Street) Branches of Harbor, Stamford.",0.3180177,Not Supporting,Not Assessed,Fully Supporting,Not Supporting Commercial Harvesting where Authorized,8865824.75665283,49916.2431341998
46.0,2008,CT-W1_009,"LIS WB Inner - Grays Creek, Westport","See Map for Boundaries. Western portion of LIS, Inner Estuary, from SA/SB water quality line at mouth on Saugatuck River Estuary, US to saltwater limit at Compo Road, Westport.",0.03610179,Not Assessed,Not Assessed,Fully Supporting,Not Supporting Harvesting for Direct Consumption,1006460.25097656,14199.4996414239
47.0,2008,CT-E1_006,"LIS EB Inner - Inner Quiambaug Cove, Stonington","See Map for Boundaries. Eastern portion of LIS, Inner Estuary, Inner Quiambaug Cove from RR crossing, US to Saltwater limit, above Route 1 crossing, adjacent to Cove Road, Stonington.",0.11354344,Not Assessed,Not Assessed,Fully Supporting,Not Supporting Harvesting for Direct Consumption,3165409.62036133,20584.3594034182
48.0,2008,CT-E1_010,"LIS EB Inner - Palmer Cove (Inner), Groton","See Map for Boundaries. Eastern portion of LIS, Inner Estuary, Inner Palmer Cove waters from North side of Groton Long Point Road crossing, past RR crossings to saltwater limit, Groton.",0.11298497,Not Assessed,Not Assessed,Fully Supporting,Not Supporting Harvesting for Direct Consumption,3149840.3659668,17689.4423606825
49.0,2008,CT-E1_019,"LIS EB Inner - Jordan Cove, Waterford","See Map for Boundaries. Eastern portion of LIS, Inner Estuary, Jordan Cove from outlet at Pleasure Beach, US past RR crossing, to Saltwater limit at outlet dam of Jordan Mill Pond, adjacent to Route 156, Waterford.",0.19115355,Not Assessed,Not Assessed,Fully Supporting,Not Supporting Harvesting for Direct Consumption,5329055.27301025,32641.2308422451
50.0,2008,CT-E1_023,"LIS EB Inner - Fourmile River (mouth), Old Lyme","See Map for Boundaries. Eastern portion of LIS, Inner Estuary, Fourmile River from outlet at RR crossing, Western end of Rocky Neck State Park Beach, US to saltwater limit at Route 156 crossing, Old Lyme.",0.03099564,Not Assessed,Not Assessed,Fully Supporting,Not Supporting Harvesting for Direct Consumption,864108.869018555,10331.9964637076
51.0,2008,CT-W1_005,"LIS WB Inner - Southport Harbor, Fairfield","See Map for Boundaries. Western portion of LIS, Inner Estuary, from mouth parallel to Willow Street, US to Harbor Road crossing, Fairfield.",0.07233047,Not Assessed,Not Assessed,Fully Supporting,Not Supporting Harvesting for Direct Consumption,2016457.98684692,13931.7434392048
52.0,2008,CT-E1_016-SB,"LIS EB Inner - Thames River (Upper), Norwich","See Map for Boundaries. Eastern portion of LIS, Inner Estuary, Thames River from just below outlet of Poquetanuck Cove (near Walden Island), adjacent to Route 12 at Cardinal Lane intersection, US to first dams in Yantic and Shetucket Rivers, Norwich.",1.55517546,Not Supporting,Not Supporting,Fully Supporting,Not Supporting Commercial Harvesting where Authorized,43355803.5612183,152946.582019018
53.0,2008,CT-E1_027-SB,"LIS EB Inner - Duck River, Old Lyme","See Map for Boundaries. Eastern portion of LIS, Inner Estuary, Duck River from RR crossing near Route 156 crossing, US to saltwater limit at Elm Street, Old Lyme.",0.00656988,Not Assessed,Not Supporting,Fully Supporting,Not Supporting Commercial Harvesting where Authorized,183157.771911621,7220.30823173567
54.0,2008,CT-E1_024-SB,"LIS EB Inner - Connecticut River (mouth), Old Lyme","See Map for Boundaries. Eastern portion of LIS, Inner Estuary, Connecticut River from outlet at Griswold Point, US to I 95 crossing (Includes North and South Coves, lower Lieutenant River and waters around Great Island upto RR crossings), Old Lyme.",3.28375584,Not Assessed,Not Assessed,Not Supporting,Not Supporting Commercial Harvesting where Authorized,91545858.8720703,187381.763210371
56.0,2008,CT-W1_019,"LIS WB Inner - Cos Cob Harbor (upper), Greenwich","See Map for Boundaries. Western portion of LIS, Inner Estuary, from RR crossing, US to saltwater limit at Mianus River Dam, Route 1 crossing (includes I95 bridge crossing), Greenwich.",0.13155771,Not Assessed,Not Assessed,Fully Supporting,Not Supporting Harvesting for Direct Consumption,3667618.56289673,18741.7910474015
57.0,2008,CT-W1_008,"LIS WB Inner - Sherwood Millpond, Westport","See Map for Boundaries. Western portion of LIS, Inner Estuary, from mouth at Compo Cove, US to saltwater limit south of RR and I95 (includes Mill Creek, Grove Point, and all of Greens Farm Brook surrounding Sherwood Island State Park), Westport.",0.16784632,Not Assessed,Not Assessed,Fully Supporting,Not Supporting Harvesting for Direct Consumption,4679287.04684448,50701.3364763244
58.0,2008,CT-C1_011,"LIS CB Inner - Farm River, East Haven","See Map for Boundaries. Central portion of LIS, Inner Estuary, SA water from SA/SB water quality line at Route 142 (Short Beach Road), US to saltwater limit above RR crossing and near Route 1, East Haven/Branford.",0.06617114,Not Assessed,Not Assessed,Fully Supporting,Not Supporting Harvesting for Direct Consumption,1844745.66741943,45781.0219089638
59.0,2008,CT-C1_007,"LIS CB Inner - West River, Guilford","See Map for Boundaries. Central portion of LIS, Inner Estuary, from mouth of West River at outlet into Guilford Harbor, US to saltwater limit at Route 1 crossing, Guilford.",0.04725394,Not Assessed,Not Assessed,Fully Supporting,Not Supporting Harvesting for Direct Consumption,1317364.32885742,26350.7315294374
60.0,2008,CT-C1_020-SB,"LIS CB Inner - Housatonic River (lower), Milford","See Map for Boundaries. Central portion of LIS, Inner Estuary, from Route 1 crossing, US to Route 15 crossing (includes Peacock, Carting, Long, Popes, and Fowler Islands, and mouth of Pumpkin Ground Brook) Milford/Stratford.",0.74091911,Not Assessed,Not Assessed,Fully Supporting,Not Supporting Commercial Harvesting where Authorized,20655639.3572388,85798.6565893197
61.0,2008,CT-E1_029-SB,"LIS EB Inner - Connecticut River (Lower), Essex","See Map for Boundaries. Eastern portion of LIS, Inner Estuary, Connecticut River from I95 crossing, US to area just above Brockway Island, Essex.",3.18194797,Not Assessed,Not Assessed,Not Supporting,Not Supporting Commercial Harvesting where Authorized,88707618.3782959,247663.82978093
62.0,2008,CT-C1_008,"LIS CB Inner - Joshua Cove, Beattie Pond, Guilford","See Map for Boundaries. Central portion of LIS, Inner Estuary, from mouth at outlet into Joshua Cove, US to saltwater limit above Route 146 and RR crossing (includes Beattie Pond), Guilford.",0.1042381,Not Assessed,Not Assessed,Fully Supporting,Not Supporting Harvesting for Direct Consumption,2905991.46380615,24560.9029499007
63.0,2008,CT-E2_005,"LIS EB Shore - Mouth Mystic River, Stonington","See Map for Boundaries. Eastern portion of LIS from western most tip of Mason Island along SB/SA water quality boundary to eastern most tip of Mason Island, out approximately 1000 ft offshore.",0.34953842,Not Assessed,Not Assessed,Fully Supporting,Not Supporting Harvesting for Direct Consumption,9744571.94537354,29178.2386357383
64.0,2008,CT-E2_013,"LIS EB Shore - Niantic Bay (East), Waterford","See Map for Boundaries. Eastern portion of LIS from Smith Avenue at junction with Route 156 to Millstone Point, out approximately 1000 ft offshore. Waters affected by Millstone Power Plant.",0.44429914,Not Supporting,Not Assessed,Fully Supporting,Not Supporting Harvesting for Direct Consumption,12386349.3603516,27604.1661396767
65.0,2008,CT-E3_011,"LIS EB Midshore - Old Saybrook, Indian Harbor","See Map for Boundaries. Eastern portion of LIS from approximately 1000 ft offshore Old Kelsey Point, to Guardhouse Point, Old Saybrook, (outer Indiantown Harbor and Plum Bank), out to 50 ft contour.",5.6394416,Fully Supporting,Not Assessed,Fully Supporting,Not Supporting Harvesting for Direct Consumption,157218608.932312,57646.7166725746
66.0,2008,CT-C3_001,"LIS CB Midshore - Westbrook Harbor, Westbrook","See Map for Boundaries. Central portion of LIS from approximately 1000 ft offshore (Westbrook Harbor), out to 50 ft contour and basin boundary separating Eastern/Central.",2.69189548,Fully Supporting,Not Assessed,Fully Supporting,Not Supporting Harvesting for Direct Consumption,75045739.045166,40337.5174446511
67.0,2008,CT-E3_012,LIS EB Midshore - Westbrook,"See Map for Boundaries. Eastern portion of LIS from approximately 1000 ft offshore Old Kelsey Point (outer Westbrook Harbor), out to 50 ft contour. Odd shape due to 50 ft contour.",7.40699718,Fully Supporting,Not Assessed,Fully Supporting,Not Supporting Harvesting for Direct Consumption,206495230.393921,88773.6682579121
69.0,2008,CT-W3_010,"LIS WB Midshore - Outer Cove Harbor, Darien","See Map for Boundaries. Western portion of LIS from approximately 1000 ft offshore (off of Long neck Point, outer Cove Harbor, Darien Cove, Scott Cove area), out to 50 ft contour, Darien.",2.11286406,Not Supporting,Not Assessed,Fully Supporting,Not Supporting Harvesting for Direct Consumption,58903269.492981,38700.8838749499
70.0,2008,CT-C2_011,"LIS CB Shore - Stony Creek (East), Branford","See Map for Boundaries. Central portion of LIS from Flying Point to Clark Point area (includes Hoadley Neck, Narrows Island), out approximately 1000 ft offshore, Branford/Guilford.",0.54599814,Not Assessed,Not Assessed,Fully Supporting,Not Supporting Harvesting for Direct Consumption,15221554.6694336,52267.5214991364
71.0,2008,CT-C3_009-I,"LIS CB Midshore - Thimble Islands, Branford","See Map for Boundaries. Central portion of LIS from approximately 1000 ft offshore (Thimble Islands), out to 50 ft contour, Branford.",1.45685837,Fully Supporting,Not Assessed,Fully Supporting,Not Supporting Harvesting for Direct Consumption,40614880.4883423,75470.3197500756
72.0,2008,CT-C2_012,"LIS CB Shore - Stony Creek (West), Branford","See Map for Boundaries. Central portion of LIS from Brown Point to Flying Point area (includes Stony Creek Beach, Saint Helena Island, Juniper Point, Pleasant Point), out approximately 1000 ft offshore, Branford.",0.37861221,Not Assessed,Fully Supporting,Fully Supporting,Not Supporting Harvesting for Direct Consumption,10555102.774231,39606.8056074292
73.0,2008,CT-W1_020,"LIS WB Inner - Indian Harbor (upper), Greenwich","See Map for Boundaries. Western portion of LIS, Inner Estuary, upper Indian Harbor (lower portion of Greenwich Creek) from Davis Avenue crossing, US to saltwater limit at West Brother Drive crossing (includes I95 crossing), Greenwich.",0.02460644,Not Supporting,Not Assessed,Fully Supporting,Not Supporting Harvesting for Direct Consumption,685988.43862915,9582.32452347862
74.0,2008,CT-W2_023,"LIS WB Shore - Smith Cove, Indian Hrbr, Greenwich","See Map for Boundaries. Western portion of LIS from Field Point to Tweed Island (includes Round Island, Tweed Island, Smith Cove, Indian Harbor) out approximately 1000 ft offshore, Greenwich.",0.37430833,Not Supporting,Not Assessed,Fully Supporting,Not Supporting Harvesting for Direct Consumption,10435117.5658569,36286.0095427086
75.0,2008,CT-C2_024-SB,"LIS CB Shore - Housatonic River mouth, Stratford","See Map for Boundaries. Central portion of LIS from SA/SB WQ line at Stratford Point to SA/SB WQ line at Milford Point area (includes Short Beach, entire mouth of Housatonic River) all SB waters out approximately 1000-4000 ft offshore, Stratford.",0.64036366,Not Supporting,Fully Supporting,Fully Supporting,Not Supporting Commercial Harvesting where Authorized,17852314.4110107,28860.2129294079
78.0,2008,CT-C3_003,"LIS CB Midshore - Outer Clinton Harbor, Clinton","See Map for Boundaries. Central portion of LIS from approximately 1000 ft offshore (Clinton Harbor), out to 50 ft contour, Clinton.",2.52427326,Fully Supporting,Not Assessed,Fully Supporting,Not Supporting Harvesting for Direct Consumption,70372699.9241333,38711.6403275541
79.0,2008,CT-C1_002-SB,"LIS CB Inner - Inner Clinton Harbor, Clinton","See Map for Boundaries. Central portion of LIS, Inner Estuary, SB water of inner Clinton Harbor, including mouths of Hammonasset, Indian, Hammock Rivers, and Dudley Creek (includes Esposito Beach), Clinton.",0.37223799,Not Supporting,Fully Supporting,Fully Supporting,Fully Supporting Commercial Harvesting where Authorized,10377399.7059937,21148.1794158331
80.0,2008,CT-C1_003-SB,"LIS CB Inner - Hammonasset River, Clinton","See Map for Boundaries. Central portion of LIS, Inner Estuary, Hammonasset River SB water from mouth at inner Clinton Harbor, US to SA/SB water quality line between Currycross Road and RR track, Clinton.",0.07191634,Not Assessed,Not Assessed,Fully Supporting,Not Supporting Commercial Harvesting where Authorized,2004912.58111572,26163.4200852855
82.0,2008,CT-C3_020,"LIS CB Midshore - Milford Point, Milford","See Map for Boundaries. Central portion of LIS from approximately 1000 ft offshore (SA water surrounding SB water, outer mouth of Housatonic River), out to 50 ft contour, Milford.",10.66337041,Not Supporting,Not Assessed,Fully Supporting,Not Supporting Harvesting for Direct Consumption,297277705.796814,86565.9644430889
83.0,2008,CT-C3_017,LIS CB Midshore - Milford,"See Map for Boundaries. Central portion of LIS, SA water from SA/SB water boundary along outer New Haven Harbor, out to 50 ft contour, Milford.",8.0947951,Not Supporting,Not Assessed,Fully Supporting,Not Supporting Harvesting for Direct Consumption,225669935.932434,63748.8134522877
84.0,2008,CT-E3_007,"LIS EB Midshore - East Lyme, Rocky Neck","See Map for Boundaries. Eastern portion of LIS from approximately 1000 ft offshore Hatchett Point to Black Point, East Lyme, out to 50 ft contour (offshore of mouths of Fourmile and Pattagasett Rivers).",2.93014055,Not Assessed,Not Assessed,Fully Supporting,Not Supporting Harvesting for Direct Consumption,81687630.5792236,53108.9529702101
85.0,2008,CT-C3_019-I,"LIS CB Midshore - Outer Silver Sand Beach, Milford","See Map for Boundaries. Central portion of LIS from SA/SB water quality line along beach, out to Island (THE GULF SA water inside of Island at Silver Sands State Park Beach), Milford.",0.57291732,Not Assessed,Not Assessed,Fully Supporting,Not Supporting Harvesting for Direct Consumption,15972018.4317017,17949.3805112372
86.0,2008,CT-C1_004-SB,"LIS CB Inner - Hayden Creek, Clinton","See Map for Boundaries. Central portion of LIS, Inner Estuary, Hayden Creek SB water from mouth at Hammonasset River (parallel with Pratt Road), US to saltwater limit near Maple Avenue (off Route 1), Clinton.",0.0089137,Not Supporting,Not Assessed,Fully Supporting,Not Supporting Commercial Harvesting where Authorized,248499.950561523,12064.5159317706
87.0,2008,CT-C1_013-SB,"LIS CB Inner - New Haven Harbor, New Haven","See Map for Boundaries. Central portion of LIS, Inner Estuary, Inner New Haven Harbor from Sandy Point to I95 crossing (mouth of Quinnipiac and Mill Rivers, and mouth of West River), New Haven/West Haven.",2.34307543,Not Supporting,Not Supporting,Fully Supporting,Not Supporting Commercial Harvesting where Authorized,65321194.3062744,58309.3018228375
88.0,2008,CT-C1_012,"LIS CB Inner - Morris Creek, East Haven","See Map for Boundaries. Central portion of LIS, Inner Estuary, SA water from SA/SB water quality line at New Haven Harbor (near Lighthouse Point Beach) to, US to saltwater limit above Route 337, East Haven/New Haven.",0.01551493,Not Supporting,Not Assessed,Fully Supporting,Not Supporting Harvesting for Direct Consumption,432531.485717773,11231.358200017
89.0,2008,CT-C2_017-SB,"LIS CB Shore - Morris Cove, New Haven","See Map for Boundaries. Central portion of LIS from Black Rock to Morgan Point area (includes Lighthouse Point Beach, Lighthouse Point, South End), out approximately 1000 ft offshore, New Haven.",0.58558219,Not Supporting,Fully Supporting,Fully Supporting,Fully Supporting Commercial Harvesting where Authorized,16325094.713562,36372.4218838786
90.0,2008,CT-C1_005,"LIS CB Inner - Clinton Harbor (SA Inputs), Clinton","See Map for Boundaries. Central portion of LIS, Inner Estuary, (DISCONTINUOUS SEGMENT) SA water of upper Hammonasset, Indian, Hammock Rivers, Dudley Creek and other small tributaries, from SA/SB water quality line, US to saltwater limits, Clinton.",0.13783528,Not Assessed,Not Assessed,Fully Supporting,Not Supporting Harvesting for Direct Consumption,3842627.11468506,98107.7573022069
91.0,2008,CT-W2_003,"LIS WB Shore - Seaside Park Beach, Bridgeport","See Map for Boundaries. Western portion of LIS from tip of Fayerweather Island to SA/SB WQ line at Bridgeport Harbor area (includes Seaside Park Beach, SB water is Bridgeport Harbor) out approximately 1000 ft offshore, Bridgeport.",0.49210207,Not Assessed,Fully Supporting,Fully Supporting,Not Supporting Harvesting for Direct Consumption,13719018.5932312,30076.7856384555
92.0,2008,CT-W2_017,"LIS WB Shore - Darien Cove, Darien","See Map for Boundaries. Western portion of LIS from Greenway Island area of outer Cove Harbor to Long Neck Point (includes Pear Tree Point Beach, Nash Island, Darien River mouth) out approximately 1000 ft offshore, Darien.",0.49836911,Not Assessed,Fully Supporting,Fully Supporting,Not Supporting Harvesting for Direct Consumption,13893733.6144714,46949.5096110643
93.0,2008,CT-C1_015-SB,"LIS CB Inner - West River (Lower), West Haven","See Map for Boundaries. Central portion of LIS, Inner Estuary, from mouth just DS of I95 crossing (City Point, New Haven Harbor), US to SA/SB water quality line at Route 1 crossing, West Haven.",0.06520364,Not Supporting,Not Supporting,Fully Supporting,Not Supporting Commercial Harvesting where Authorized,1817773.27990723,27773.310219118
94.0,2008,CT-C1_021-SB,"LIS CB Inner - Housatonic River (Upper), Orange","See Map for Boundaries. Central portion of LIS, Inner Estuary, from Route 15 crossing, US to just below Wooster Island (includes Great Flats, and mouth of Farmill River) Orange/Shelton.",0.40196526,Not Supporting,Not Assessed,Fully Supporting,Not Supporting Commercial Harvesting where Authorized,11206148.5198364,43096.3295570413
95.0,2008,CT-E1_011-SB,"LIS EB Inner - Mumford Cove (Inner), Groton","See Map for Boundaries. Eastern portion of LIS, Inner Estuary, Inner Mumford Cove along east side of Bluff Point State Park shore, and North of Groton Long Point to saltwater limit near RR crossing, Groton.",0.2189958,Not Assessed,Not Assessed,Fully Supporting,Not Supporting Commercial Harvesting where Authorized,6105252.72631836,17747.2107938155
96.0,2008,CT-E1_021,"LIS EB Inner - Pattagansett Rvr (mouth), East Lyme","See Map for Boundaries. Eastern portion of LIS, Inner Estuary, Pattagansett River from outlet at RR crossing, US to saltwater limit at Route 156 crossing, East Lyme.",0.04826603,Not Assessed,Not Assessed,Fully Supporting,Not Supporting Harvesting for Direct Consumption,1345579.89160156,16943.0398791074
97.0,2008,CT-E2_021,"LIS EB Shore - Plum Bank, Old Saybrook","See Map for Boundaries. Eastern portion of LIS from Plum Bank Creek to Cornfield Point (includes Town Beach), out approximately 1000 ft offshore.",0.18227534,Not Assessed,Fully Supporting,Fully Supporting,Not Supporting Harvesting for Direct Consumption,5081545.11401367,12262.3702121875
98.0,2008,CT-E2_022,"LIS EB Shore - Indiantown Harbor, Old Saybrook","See Map for Boundaries. Eastern portion of LIS from Long Rock to Plum Bank Creek (includes the mouth of Oytser River and Back River, and Plum Bank Creek), out approximately 1000 ft offshore.",0.38943097,Not Assessed,Fully Supporting,Fully Supporting,Not Supporting Harvesting for Direct Consumption,10856712.6241455,28446.8328215178
99.0,2008,CT-E1_003,"LIS EB Inner - Inner Wequetequock Cove, Stonington","See Map for Boundaries. Eastern portion of LIS, Inner Estuary, Inner Wequetequock Cove from RR crossing US to Saltwater limit, in two lopes adjacent to Route 1, Stonington.",0.09438988,Not Assessed,Not Assessed,Fully Supporting,Not Supporting Harvesting for Direct Consumption,2631438.84729004,19178.1150424784
102.0,2008,CT-C2_013,"LIS CB Shore - Indian Neck, Branford","See Map for Boundaries. Central portion of LIS from Clam Island to Brown Point area (includes Haycock Point), out approximately 1000 ft offshore, Branford.",0.56739428,Not Assessed,Not Assessed,Fully Supporting,Not Supporting Harvesting for Direct Consumption,15818044.8638916,36936.9040296724
103.0,2008,CT-C3_010,"LIS CB Midshore - Indian Neck, Branford","See Map for Boundaries. Central portion of LIS from approximately 1000 ft offshore (Indian Neck, Little Point), out to 50 ft contour, Branford.",8.55352909,Fully Supporting,Not Assessed,Fully Supporting,Not Supporting Harvesting for Direct Consumption,238458705.479736,69642.3020861341
104.0,2008,CT-W3_003,"LIS WB Midshore - Bridgeport Hbr, West, Bridgeport","See Map for Boundaries. Western portion of LIS from approximately 1000 ft offshore (Grover Hill, Fayerweather Island, Seaside Beach area), out to 50 ft contour, Bridgeport. Odd shape due to 50 ft contour.",6.05886735,Not Supporting,Not Assessed,Fully Supporting,Not Supporting Harvesting for Direct Consumption,168911527.666931,64565.8310752736
105.0,2008,CT-C2_006,"LIS CB Shore - Madison Beaches (East), Madison","See Map for Boundaries. Central portion of LIS from West Warf to Webster Point area (includes West Warf and East Warf Beaches, Tuxis Island, and tidal Fence Creek ), out approximately 1000 ft offshore, Madison.",0.39865693,Not Assessed,Fully Supporting,Fully Supporting,Not Supporting Harvesting for Direct Consumption,11113917.585083,36611.9739565693
106.0,2008,CT-W2_024,"LIS WB Shore - Byram Harbor, Greenwich","See Map for Boundaries. Western portion of LIS from just west of Shore Island to Field Point (includes Shore Island, Rich Island, Farwells Island, Game Cock Island, Byram Harbor) out approximately 1000 ft offshore, Greenwich.",0.33956885,Not Assessed,Not Supporting,Fully Supporting,Not Supporting Harvesting for Direct Consumption,9466636.36508179,28337.3321483221
110.0,2008,CT-W2_011,"LIS WB Shore - Canfield Island, Westport","See Map for Boundaries. Western portion of LIS from just west of Canfield Island to Saugatuck Shores area (includes Canfiled Island, Saugatuck Shores, Seymour Point) out approximately 1000 ft offshore, Westport.",0.42960112,Not Assessed,Not Assessed,Fully Supporting,Not Supporting Harvesting for Direct Consumption,11976592.0657959,52719.3630005509
111.0,2008,CT-W3_008-I,"LIS WB Midshore - Norwalk Islands, Norwalk","See Map for Boundaries. Western portion of LIS from approximately 1000 ft offshore (Norton Point to Seymour Point, includes all Norwalk Islands area), out to line just beyond Sheffield Island to Cockenoe Island, Norwalk.",5.94025141,Not Supporting,Not Assessed,Fully Supporting,Not Supporting Harvesting for Direct Consumption,165604705.085602,144644.657657928
112.0,2008,CT-E1_028-SB,"LIS EB Inner - Leiutenant River, Old Lyme","See Map for Boundaries. Eastern portion of LIS, Inner Estuary, Leiutenant River from Route 156 crossing, US to saltwater limit adjacent to Longacre Lane, Old Lyme.",0.104656,Not Assessed,Not Supporting,Fully Supporting,Not Supporting Commercial Harvesting where Authorized,2917641.93951416,34788.936712761
113.0,2008,CT-W2_004,"LIS WB Shore - Outer Bridgeport Harbor, Fairfield","See Map for Boundaries. Western portion of LIS from Shoal Point to tip of Fayerweather Island (includes Penfield Beach, Jennings Beach, Ash Creek outlet) out approximately 1000 ft offshore, Fairfield.",0.40748912,Not Assessed,Fully Supporting,Fully Supporting,Not Supporting Harvesting for Direct Consumption,11360144.7259216,25131.5384830323
114.0,2008,CT-W2_005,"LIS WB Shore - Pine Creek Point, Fairfield","See Map for Boundaries. Western portion of LIS from Pine Creek Point area to Shoal Point (includes South Pine Creek Beach, Pine Creek outlet) out approximately 1000 ft offshore, Fairfield.",0.36977409,Not Assessed,Fully Supporting,Fully Supporting,Not Supporting Harvesting for Direct Consumption,10308710.2252808,22728.213908892
116.0,2008,CT-W3_009,"LIS WB Midshore - Outer Fivemile R Estuary, Darien","See Map for Boundaries. Western portion of LIS from approximately 1000 ft offshore (outer Scott Cove near Fish Islands to Norton Point area), out to 50 ft contour, Darien.",2.45318694,Not Supporting,Not Assessed,Fully Supporting,Not Supporting Harvesting for Direct Consumption,68390926.9485474,37578.6496338257
117.0,2008,CT-W2_025,"LIS WB Shore - Byram Harbor (West), Greenwich","See Map for Boundaries. Western portion of LIS from NY/CT border at Byram River to just west of Shore Island (includes mouth of Byram River, Byram Point) out approximately 1000 ft offshore, Greenwich.",0.24386398,Not Assessed,Not Assessed,Fully Supporting,Not Supporting Harvesting for Direct Consumption,6798537.8565979,15988.2271261987
118.0,2008,CT-E2_009-SB,"LIS EB Shore - Thames River Mouth (East), Groton","See Map for Boundaries. Eastern portion of LIS from Eastern Point in mouth of Thames River to SB/SA water quality boundary at Bushy Point Beach, out approximately 1000 ft offshore.",0.39960562,Not Supporting,Fully Supporting,Fully Supporting,Fully Supporting Commercial Harvesting where Authorized,11140365.3204346,25880.6998060237
119.0,2008,CT-C2_018-SB,"LIS CB Shore - New Haven Harbor (West), West Haven","See Map for Boundaries. Central portion of LIS from Oyster River Point to Sandy Point area (includes West Haven West Beach, West Haven East Beach, West Shore, Sandy Point), out approximately 1000 ft offshore, West Haven.",0.78887112,Not Supporting,Fully Supporting,Fully Supporting,Not Supporting Commercial Harvesting where Authorized,21992464.7755737,49849.2761494969
121.0,2008,CT-E2_003,"LIS EB Shore - Outer Quiambaug Cove, Stonington","See Map for Boundaries. Eastern portion of LIS from Mouth of inner Quiambaug Cove at RR crossing to SB/SA water quality boundary at mouth of Stonington Harbor, out approximately 1000 ft offshore.",0.38816798,Not Assessed,Not Assessed,Fully Supporting,Not Supporting Harvesting for Direct Consumption,10821502.4887085,26208.431173549
122.0,2008,CT-E3_006,LIS EB Midshore - Niantic Bay,"See Map for Boundaries. Eastern portion of LIS from approximately 1000 ft offshore Black Point, East Lyme to Magonk Point (SB/SA water quality boundary) Waterford, out to 50 ft contour (Niantic Bay).",6.17913997,Not Supporting,Not Assessed,Fully Supporting,Not Supporting Harvesting for Direct Consumption,172264535.749023,93975.6910232227
123.0,2008,CT-E2_010-SB,"LIS EB Shore - Thames Rvr Mouth (West), New London","See Map for Boundaries. Eastern portion of LIS from mouth of Alewife Cove to Quinnipeag Rocks along western shore of Thames River mouth, out approximately 1000 ft offshore (SB Water Quality).",0.29886682,Not Supporting,Fully Supporting,Fully Supporting,Fully Supporting Commercial Harvesting where Authorized,8331928.82775879,21168.5586188729
124.0,2008,CT-E2_011-SB,"LIS EB Shore - Thames Rvr Mouth (West), Waterford","See Map for Boundaries. Eastern portion of LIS from Magonk Point to mouth of Alewife Cove, out approximately 1000 ft offshore (SB Water Quality).",0.48607475,Not Supporting,Fully Supporting,Fully Supporting,Fully Supporting Commercial Harvesting where Authorized,13550986.3293457,29902.0785072296
125.0,2008,CT-C1_014-SB,"LIS CB Inner - Quinnipiac River (mouth), New Haven","See Map for Boundaries. Central portion of LIS, Inner Estuary, from mouth at I95 crossing, US Quinnipiac River to Sackett Point Road (includes Mill River mouth BELOW Chapel Street crossing), North Haven.",0.62593249,Not Supporting,Not Supporting,Fully Supporting,Not Supporting Commercial Harvesting where Authorized,17449996.5580444,102937.095714318
126.0,2008,CT-W4_005,LIS WB Offshore - Greenwich,See Map for Boundaries. Western portion of LIS from 50ft contour to CT/NY State line.,11.75339769,Not Supporting,Not Assessed,Fully Supporting,"Not Evaluated, Natural Conditions Not Viable For Shellfish",327665922.22287,84184.6248275554
127.0,2008,CT-E2_008,"LIS EB Shore - Bluff Point, Groton","See Map for Boundaries. Eastern portion of LIS from SB/SA water quality boundary at Bushy Point Beach to Mumford Point, out approximately 1000 ft offshore.",0.23452643,Not Assessed,Not Assessed,Fully Supporting,Not Supporting Harvesting for Direct Consumption,6538221.73175049,15609.5219741627
128.0,2008,CT-E2_006,"LIS EB Shore - West Cove (Groton Long Pt), Groton","See Map for Boundaries. Eastern portion of LIS from tip of Groton Long Point to Morgan Point at SB/SA water quality boundary for Mystic River mouth, out approximately 1000 ft offshore.",0.42213698,Not Assessed,Fully Supporting,Fully Supporting,Not Supporting Harvesting for Direct Consumption,11768503.7597656,29119.2075345705
129.0,2008,CT-E2_012,"LIS EB Shore - Outer Jordan Cove, Waterford","See Map for Boundaries. Eastern portion of LIS from Millstone Point to SB/SA water quality boundary at Magonk Point, out approximately 1000 ft offshore. Waters affected by Millstone Power Plant.",0.46490137,Not Assessed,Fully Supporting,Fully Supporting,Not Supporting Harvesting for Direct Consumption,12960706.463501,29096.1986267687
130.0,2008,CT-E2_015,"LIS EB Shore - Niantic Bay (Black Pt), East Lyme","See Map for Boundaries. Eastern portion of LIS from Point East of Griswald Island, past Black Point to Pond Point in Niantic Bay, out approximately 1000 ft offshore.",0.55429137,Not Supporting,Not Assessed,Fully Supporting,Not Supporting Harvesting for Direct Consumption,15452756.6040649,34211.0484188466
132.0,2008,CT-C2_023,"LIS CB Shore - Walnut Beach, Milford","See Map for Boundaries. Central portion of LIS from SA/SB WQ line at Milford Point to SA/SB WQ line at Silver Sands State Park Beach area (includes Walnut Beach, all SA, Housatonic River mouth to The Gulf), out approximately 1000 ft offshore, Milford.",0.57698582,Not Assessed,Fully Supporting,Fully Supporting,Not Supporting Harvesting for Direct Consumption,16085441.7079468,34758.0261511217
133.0,2008,CT-W2_022,"LIS WB Shore - Cos Cob Harbor, Greenwich","See Map for Boundaries. Western portion of LIS from Tweed Island to Todd Point (includes Horse Island, Goose Island, Cos Cob Cove) out approximately 1000 ft offshore, Greenwich.",0.70367739,Not Assessed,Not Assessed,Fully Supporting,Not Supporting Harvesting for Direct Consumption,19617399.8740845,51878.6102724744
134.0,2008,CT-E2_007,"LIS EB Shore - Outer Mumford Cove, Groton","See Map for Boundaries. Eastern portion of LIS from Mumford Point to eastern most tip of Groton Long Point (includes outer Mumford cove and all of Venetian Harbor), out approximately 1000 ft offshore.",0.55479043,Not Assessed,Not Assessed,Fully Supporting,Not Supporting Harvesting for Direct Consumption,15466669.7158813,42387.1175578377
136.0,2008,CT-E2_014,"LIS EB Shore - Niantic Bay (West), East Lyme","See Map for Boundaries. Eastern portion of LIS from Pond Point to Smith Avenue at junction with Route 156, out approximately 1000 ft offshore. Waters affected by Millstone Power Plant.",0.30223274,Not Supporting,Fully Supporting,Fully Supporting,Not Supporting Harvesting for Direct Consumption,8425765.35852051,19211.1902303527
138.0,2008,CT-W3_004,"LIS WB Midshore - Shoal Point, Fairfield","See Map for Boundaries. Western portion of LIS from approximately 1000 ft offshore (Shoal Point and outer Black Rock Harbor area), out to 50 ft contour, Fairfield.",4.15466469,Not Supporting,Not Assessed,Fully Supporting,Not Supporting Harvesting for Direct Consumption,115825404.329041,47630.0906239517
139.0,2008,CT-W3_005,"LIS WB Midshore - Southport Harbor, Fairfield","See Map for Boundaries. Western portion of LIS from approximately 1000 ft offshore (Frost Point to Pine creek Point area), out to 50 ft contour, Fairfield.",5.27489324,Not Supporting,Not Assessed,Fully Supporting,Not Supporting Harvesting for Direct Consumption,147055583.904358,49068.2849830026
140.0,2008,CT-W2_020,"LIS WB Shore - Stamford Harbor (West), Greenwich","See Map for Boundaries. Western portion of LIS from Greenwich Point to Peck Point (includes Greenwich Point Beach, western potion of Stamford Harbor) out approximately 1000 ft offshore, Greenwich.",0.54012779,Not Assessed,Fully Supporting,Fully Supporting,Not Supporting Harvesting for Direct Consumption,15057898.7907104,41204.5776271716
141.0,2008,CT-W1_016-SB,"LIS WB Inner - Holly Pond, Stamford","See Map for Boundaries. Western portion of LIS, Inner Estuary, from Holly Pond outlet at Brush Island (flows into Cove Harbor), US to saltwater limit at Route 1 crossing (just DS of I95 crossing), Stamford/Darien.",0.30978004,Not Assessed,Not Assessed,Fully Supporting,Not Supporting Commercial Harvesting where Authorized,8636172.1439209,24183.8112000854
143.0,2008,CT-W3_002,"LIS WB Midshore - Bridgeport Hbr, East, Bridgeport","See Map for Boundaries. Western portion of LIS from approximately 1000 ft offshore (Inner Bridgeport Harbor, Lewis Gut, Pleasure Beach area), out to 50 ft contour, Bridgeport.",8.08323734,Not Supporting,Not Assessed,Fully Supporting,Not Supporting Harvesting for Direct Consumption,225347723.976929,64536.0880006858
144.0,2008,CT-W2_007,"LIS WB Shore - Southport Harbor (West), Fairfield","See Map for Boundaries. Western portion of LIS from Beachside Lane area to inner Southport Harbor outlet area (includes Southport Beach, Sasco Brook outlet) out approximately 1000 ft offshore, Fairfield.",0.18768535,Not Assessed,Fully Supporting,Fully Supporting,Not Supporting Harvesting for Direct Consumption,5232367.32122803,13135.9202598188
145.0,2008,CT-W2_015,"LIS WB Shore - Fivemile River Estuary, Darien","See Map for Boundaries. Western portion of LIS from Fish Islands to Norton Point (includes Bell Island Beach, Fish Islands, Contentment Island, Butlers Island, Fivemile River mouth, Roton Point) out approximately 1000 ft offshore, Darien.",0.34225016,Not Assessed,Fully Supporting,Fully Supporting,Not Supporting Harvesting for Direct Consumption,9541387.11026001,28735.9965860811
146.0,2008,CT-W2_002,"LIS WB Shore - Long Beach, Stratford","See Map for Boundaries. Western portion of LIS from SA/SB WQ line at Pleasure Beach to Point No Point area (includes Long Beach (Proper), SB water is Bridgeport Harbor) out approximately 1000 ft offshore, Stratford.",0.45782106,Not Assessed,Fully Supporting,Fully Supporting,Not Supporting Harvesting for Direct Consumption,12763318.7767029,28274.576936588
147.0,2008,CT-W2_001,"LIS WB Shore - Lordship, Stratford","See Map for Boundaries. Western portion of LIS from Point No Point area to SA/SB WQ line at Stratford Point (includes Long Beach (Marnick's), SB water is at mouth of Housatonic River) out approximately 1000 ft offshore, Stratford.",0.40890754,Not Assessed,Fully Supporting,Fully Supporting,Not Supporting Harvesting for Direct Consumption,11399688.1549988,24865.6685676611
149.0,2008,CT-E2_020,"LIS EB Shore - Willard Bay, Old Saybrook","See Map for Boundaries. Eastern portion of LIS from Cornfield Point to SB/SA water quality boundary at Lynde Point, out approximately 1000 ft offshore. (SB water)",0.49961165,Not Assessed,Not Assessed,Fully Supporting,Not Supporting Harvesting for Direct Consumption,13928373.6848755,29879.5685919762
150.0,2008,CT-E2_018,"LIS EB Shore - Soundview Beach, Old Lyme","See Map for Boundaries. Eastern portion of LIS from SB/SA water quality boundary at Hawks Nest Beach area to Hatchett Point (Includes Soundview Beach), out approximately 1000 ft offshore.",0.33168182,Not Assessed,Fully Supporting,Fully Supporting,Not Supporting Harvesting for Direct Consumption,9246758.45733643,20951.4117919319
151.0,2008,CT-C2_004,"LIS CB Shore - Outer Clinton Harbor, Clinton","See Map for Boundaries. Central portion of LIS from West Rock to Kelsey Point area (outer Clinton Harbor SA water includes Hammonasset, Indian, and Hammock River outlets, and Town Beach), out approximately 1000 ft offshore, Clinton.",0.50528294,Not Assessed,Fully Supporting,Fully Supporting,Not Supporting Harvesting for Direct Consumption,14086479.9923706,30531.0415079853
152.0,2008,CT-E2_002,"LIS EB Shore - Stonington Point, Stonington","See Map for Boundaries. Eastern portion of LIS from Stonington Point to RR crossing on west side of Wequetequock Cove, out approximately 1000 ft offshore.",0.6681745,Not Assessed,Not Assessed,Fully Supporting,Not Supporting Harvesting for Direct Consumption,18627636.1362915,43631.7253247064
154.0,2008,CT-C2_001,"LIS CB Shore - Westbrook Harbor (East), Westbrook","See Map for Boundaries. Central portion of LIS from Fiske Lane to Old Saltworks Road (includes Middle Beach), out approximately 1000 ft offshore, Westbrook.",0.24352621,Not Assessed,Fully Supporting,Fully Supporting,Not Supporting Harvesting for Direct Consumption,6789121.29382324,17052.0812227048
155.0,2008,CT-C3_002,"LIS CB Midshore - Duck Island area, Clinton","See Map for Boundaries. Central portion of LIS from approximately 1000 ft offshore (Clinton Beach, includes Duck Island and Menunketesuck Island areas), out to 50 ft contour, Clinton.",3.61909564,Fully Supporting,Not Assessed,Fully Supporting,Not Supporting Harvesting for Direct Consumption,100894596.085693,62265.2461081296
156.0,2008,CT-C2_007,"LIS CB Shore - Madison Beaches (West), Madison","See Map for Boundaries. Central portion of LIS from Hogshead Point to West Warf area (includes Surf Club Beach, Chipman Point), out approximately 1000 ft offshore, Madison.",0.48182474,Not Assessed,Fully Supporting,Fully Supporting,Not Supporting Harvesting for Direct Consumption,13432502.8557129,29157.803139868
157.0,2008,CT-C3_004,"LIS CB Midshore - Hammonasset Beach area, Madison","See Map for Boundaries. Central portion of LIS from approximately 1000 ft offshore (Madison Beaches, inlcuding area nearshore Hammonasset Beach State Park), out to 50 ft contour, Madison.",5.5537515,Fully Supporting,Not Assessed,Fully Supporting,Not Supporting Harvesting for Direct Consumption,154829705.901978,51678.9367295456
160.0,2008,CT-E1_032,"LIS EB Inner - Oyster River Area, Old Saybrook","See Map for Boundaries. Eastern portion of LIS, Inner Estuary, Oyster River, Plum Bank Creek, and Back River from mouths on Indian Harbor, US to saltwater limits (Oyster River is to RR crossing above Route 1), Old Saybrook.",0.09815465,Not Assessed,Not Assessed,Fully Supporting,Not Supporting Harvesting for Direct Consumption,2736394.59490967,60412.0746500354
161.0,2008,CT-C1_001,LIS CB Inner - Patchogue And Menunketesuck Rivers,"See Map for Boundaries. Central portion of LIS, Inner Estuary, Patchogue and Menunketesuck Rivers from mouths at Grove Beach Point, US to saltwater limits just above I95 crossing, and at I95 crossing respectively, Westbrook.",0.18152651,Not Assessed,Not Assessed,Fully Supporting,Not Supporting Harvesting for Direct Consumption,5060668.84375,88922.0596382774
162.0,2008,CT-W3_012,"LIS WB Midshore - Outer Stamford Harbor, Greenwich","See Map for Boundaries. Western portion of LIS from approximately 1000 ft offshore (Greenwich Point to Shippan Point area), out to 50 ft contour, Greenwich/Stamford.",2.1013365,Not Supporting,Not Assessed,Fully Supporting,Not Supporting Harvesting for Direct Consumption,58581899.6998291,32734.2928844888
163.0,2008,CT-W3_011,"LIS WB Midshore - Outer Westcott Cove, Stamford","See Map for Boundaries. Western portion of LIS from approximately 1000 ft offshore (Shippan Point to Greenway Island, outer Westcott Cove, Cove Harbor, Darien Cove, Scott Cove areas), out to 50 ft contour, Stamford.",2.40385262,Not Supporting,Not Assessed,Fully Supporting,Not Supporting Harvesting for Direct Consumption,67015564.938324,43044.6330024383
164.0,2008,CT-W2_019,"LIS WB Shore - Stamford Harbor, Stamford","See Map for Boundaries. Western portion of LIS from Peck Point to near intersection of Hobson Street and Sea Beach Drive (includes Flathead Rocks, Davenport Point, Shippan Point, outer Stamford Harbor) out approximately 1000 ft offshore, Stamford.",0.52406973,Not Assessed,Not Assessed,Fully Supporting,Not Supporting Harvesting for Direct Consumption,14610225.5737,31564.1899310242
165.0,2008,CT-W1_012-SB,"LIS WB Inner - Norwalk Harbor, Norwalk","See Map for Boundaries. Western portion of LIS, Inner Estuary, from SA/SB water quality line at mouth of Norwalk Harbor (Calf Pasture Point), US to saltwater limit at Wall Street Crossing (EXCLUDES eastern cove of Marvin Beach), Norwalk.",0.94185811,Not Supporting,Not Supporting,Fully Supporting,Not Supporting Commercial Harvesting where Authorized,26257497.2741699,70932.9240959622
166.0,2008,CT-W1_013-SB,"LIS WB Inner - Norwalk Hrbr (MarvinBeach), Norwalk","See Map for Boundaries. Western portion of LIS, Inner Estuary, eastern embayment of Norwalk Harbor, from Gregory Point to Fitch Point into shore (includes Marvin Beach), Norwalk.",0.04391876,Not Supporting,Not Supporting,Fully Supporting,Fully Supporting Commercial Harvesting where Authorized,1224385.02801514,6714.80010761385
167.0,2008,CT-W1_015-SB,"LIS WB Inner - Cove Harbor, Stamford","See Map for Boundaries. Western portion of LIS, Inner Estuary, from SA/SB water quality line at mouth (Greenway Island to Pratt Island Two), to Holly Pond outlet at Brush Island (includes Quigley, East (Cove Island), and Weed Beaches), Stamford/Darien.",0.46550852,Not Assessed,Fully Supporting,Fully Supporting,Not Supporting Commercial Harvesting where Authorized,12977632.9431152,23122.7058254164
168.0,2008,CT-E2_004,"LIS EB Shore - Wilcox Cove (Mason Is.), Stonington","See Map for Boundaries. Eastern portion of LIS from tip of Mason Island to Mouth of inner Quiambaug Cove, out approximately 1000 ft offshore.",0.69422351,Not Assessed,Not Assessed,Fully Supporting,Not Supporting Harvesting for Direct Consumption,19353840.7731323,54533.4867254349
169.0,2008,CT-E3_003,"LIS EB Midshore - Groton, Mystic River","See Map for Boundaries. Eastern portion of LIS from approximately 1000 ft offshore, Groton Long Point to Enders Island, out to CT/NY State line.",2.85345865,Not Assessed,Not Assessed,Fully Supporting,Not Supporting Harvesting for Direct Consumption,79549861.8469849,51645.4530696432
170.0,2008,CT-W3_001,"LIS WB Midshore - Lordship, Stratford","See Map for Boundaries. Western portion of LIS from approximately 1000 ft offshore (Point No Point, Lordship), out to 50 ft contour, Stratford. Odd shape due to 50 ft contour.",7.91626831,Not Supporting,Not Assessed,Fully Supporting,Not Supporting Harvesting for Direct Consumption,220692894.477051,65137.7927317508
171.0,2008,CT-C3_011,LIS CB Midshore - East Haven,"See Map for Boundaries. Central portion of LIS, SA water from SA/SB water boundary along outer New Haven and Branford Harbors out to 50 ft contour, East Haven.",8.15236955,Not Supporting,Not Assessed,Fully Supporting,Not Supporting Harvesting for Direct Consumption,227275019.495605,102225.020796099
172.0,2008,CT-C3_006,"LIS CB Midshore - Outer Guilford Harbor, Guilford","See Map for Boundaries. Central portion of LIS from approximately 1000 ft offshore (Guilford Harbor), out to 50 ft contour, Guilford.",8.36436235,Fully Supporting,Not Assessed,Fully Supporting,Not Supporting Harvesting for Direct Consumption,233185039.502441,71762.5629233234
173.0,2008,CT-C3_018,"LIS CB Midshore - Fort Trumbull, Milford","See Map for Boundaries. Central portion of LIS from approximately 1000 ft offshore (Silver Sands State Park area, water beyond Island), out to 50 ft contour, Milford.",11.31111947,Not Supporting,Not Assessed,Fully Supporting,Fully Supporting Harvesting for Direct Consumption,315335913.110474,79956.7441267246
174.0,2008,CT-E3_005-SB,"LIS EB Midshore - Waterford, Thames River","See Map for Boundaries. Eastern portion of LIS from SB/SA water quality boundary, approximately 1000 ft offshore of Magonk Point, Waterford to BushyPoint, Groton, out to SB/SA water quality boundary (Thames River mouth).",5.25617347,Not Supporting,Not Assessed,Fully Supporting,Fully Supporting Commercial Harvesting where Authorized,146533706.575806,76086.9683477393
175.0,2008,CT-C3_015-SB,"LIS CB Midshore - New Haven Harbor, New Haven","See Map for Boundaries. Central portion of LIS from approximately 1000 ft offshore (West Shore to Morgan Point), from Sandy Point out to segments CT-C3_013/014, outer New Haven Harbor, West Haven/New Haven.",4.56066698,Not Supporting,Not Assessed,Fully Supporting,Fully Supporting Commercial Harvesting where Authorized,127144098.595276,58465.9078673957
176.0,2008,CT-W3_014,"LIS WB Midshore - Outer Captain Harbor, Greenwich","See Map for Boundaries. Western portion of LIS from Connecticut New York state line just beyond Great Captain Island to east of Wee Captain Island, out to 50 ft contour, Greenwich.",2.00650769,Not Supporting,Not Assessed,Fully Supporting,Fully Supporting Harvesting for Direct Consumption,55938224.1283264,31574.7271153236
177.0,2008,CT-C3_013-SB,"LIS CB Midshore - New Haven Harbor, East Haven","See Map for Boundaries. Central portion of LIS from approximately 1000 ft offshore (South End, Morgan Point), out to extent of SB water at SA/SB water quality line for outer New Haven Harbor, East Haven.",6.05142806,Not Supporting,Not Assessed,Fully Supporting,Fully Supporting Commercial Harvesting where Authorized,168704132.15332,54179.7350316218
178.0,2008,CT-C3_014-SB,"LIS CB Midshore - New Haven Harbor, West Haven","See Map for Boundaries. Central portion of LIS from approximately 1000 ft offshore (Morningside to West Shore), out to extent of SB water at SA/SB water quality line for outer New Haven Harbor, Milford/West Haven.",7.96138937,Not Supporting,Not Assessed,Fully Supporting,Fully Supporting Commercial Harvesting where Authorized,221950797.418213,69000.5834546197
179.0,2008,CT-E3_004,"LIS EB Midshore - Groton, Thames River","See Map for Boundaries. Eastern portion of LIS from SB/SA water quality boundary out to 50 ft contour offshore of Goshen Point, Waterford, to approximately 1000 ft offshore, Groton Long Point, out to CT/NY State line.",6.73835391,Not Assessed,Not Assessed,Fully Supporting,Not Supporting Harvesting for Direct Consumption,187854525.838013,81868.1818406068
181.0,2008,CT-E1_014-SB,"LIS EB Inner - Thames River (Mouth), New London","See Map for Boundaries. Eastern portion of LIS, Inner Estuary, mouth of Thames River from Eastern Point (North of Avery Point), US to I95 crossing (Includes Inner New London Harbor), Groton.",1.99402211,Not Supporting,Fully Supporting,Fully Supporting,Not Supporting Commercial Harvesting where Authorized,55590146.2477417,77299.9908390296
182.0,2008,CT-E1_031-SB,"LIS EB Inner - Connecticut River (upper), Chester","See Map for Boundaries. Eastern portion of LIS, Inner Estuary, Connecticut River from area just above Brockway Island, US to saltwater limit just above Chapman Pond inlet (adjacent to Gillette Castle State Park), East Haddam.",2.12967157,Not Assessed,Not Assessed,Not Supporting,"Not Evaluated, Natural Conditions Not Viable For Shellfish",59371835.9403687,199013.731952209
183.0,2008,CT-W3_007,"LIS WB Midshore - Offshore Norwalk Islands,Norwalk","See Map for Boundaries. Western portion of LIS from line just beyond cluster of Norwalk Islands (Sheffield Island to Cockenoe Island area), out to 50 ft contour, Norwalk.",5.6634308,Not Supporting,Not Assessed,Fully Supporting,Not Supporting Harvesting for Direct Consumption,157887389.460938,72857.8609507351
184.0,2008,CT-C2_008,"LIS CB Shore - Guilford Harbor, Guilford","See Map for Boundaries. Central portion of LIS from Mulberry Point to Hogshead Point area (includes Jacobs Beach, Guilford Point), out approximately 1000 ft offshore, Guilford.",0.48054118,Not Assessed,Fully Supporting,Fully Supporting,Not Supporting Harvesting for Direct Consumption,13396719.3609619,30583.7935872889
185.0,2008,CT-C2_009,"LIS CB Shore - Indian Cove, Guilford","See Map for Boundaries. Central portion of LIS from Sachem Head to Mulberry Point area (includes Vineyard Point), out approximately 1000 ft offshore, Guilford.",0.43141409,Not Assessed,Not Assessed,Fully Supporting,Not Supporting Harvesting for Direct Consumption,12027134.5786133,27051.9571772897
186.0,2008,CT-W3_013,"LIS WB Midshore - Outer Cos Cob Harbor, Greenwich","See Map for Boundaries. Western portion of LIS from approximately 1000 ft offshore (Bush Island to Greenwich Point area), out to 50 ft contour, Greenwich.",2.37802183,Not Supporting,Not Assessed,Fully Supporting,Not Supporting Harvesting for Direct Consumption,66295443.8293152,51319.5460961997
187.0,2008,CT-C2_010,"LIS CB Shore - Joshua Cove & Island Bay, Guilford","See Map for Boundaries. Central portion of LIS from Clark Point to Sachem Head area (includes Horse and Foskett Islands), out approximately 1000 ft offshore, Guilford.",0.73751323,Not Assessed,Not Assessed,Fully Supporting,Not Supporting Harvesting for Direct Consumption,20560688.9050903,46255.5490127436
188.0,2008,CT-W2_012,"LIS WB Shore - Outer Norwalk Harbor(East), Norwalk","See Map for Boundaries. Western portion of LIS from midpoint of outer Norwalk Harbor to just west of Canfield Island area (includes Calf Pasture Beach, Shady Beach, Calf Pasture Point) out approximately 1000 ft offshore, Norwalk.",0.25774644,Not Supporting,Fully Supporting,Fully Supporting,Not Supporting Harvesting for Direct Consumption,7185558.58453369,16017.9391515436
189.0,2008,CT-W2_006,"LIS WB Shore - Southport Harbor (East), Fairfield","See Map for Boundaries. Western portion of LIS from inner Southport Harbor outlet to Pine Creek Point area (includes Sasco Beach, Kense Point) out approximately 1000 ft offshore, Fairfield.",0.18297959,Not Assessed,Fully Supporting,Fully Supporting,Not Supporting Harvesting for Direct Consumption,5101178.27435303,12244.9801408303
190.0,2008,CT-W2_009,"LIS WB Shore - Compo Cove, SISP, Westport","See Map for Boundaries. Western portion of LIS from Compo Cove to Burying Hill Road area (includes Sherwood Island State Park Beach, Sherwood Point, Sherwood Millpond outlet, Greens Farms Brook outlet) out approximately 1000 ft offshore, Westport.",0.32394672,Not Assessed,Fully Supporting,Fully Supporting,Not Supporting Harvesting for Direct Consumption,9031116.49475098,19624.6261909901
191.0,2008,CT-W2_018,"LIS WB Shore - Westcott Cove, Stamford","See Map for Boundaries. Western portion of LIS from near intersection of Hobson St and Sea Beach Drive to Greenway Island area of outer Cove Harbor (includes West Beach, Cummings Beach, Vincent Island) out approximately 1000 ft offshore, Stamford.",0.36631344,Not Assessed,Fully Supporting,Fully Supporting,Not Supporting Harvesting for Direct Consumption,10212232.6795959,30453.3335211611
192.0,2008,CT-E2_017,"LIS EB Shore - Rocky Neck (Fourmile Rvr), Old Lyme","See Map for Boundaries. Eastern portion of LIS from Hatchett Point to Seal Rock (Great Neck) Includes Rocky Neck State Park Beach, out approximately 1000 ft offshore.",0.53066426,Not Assessed,Fully Supporting,Fully Supporting,Not Supporting Harvesting for Direct Consumption,14794070.7501831,31440.7690127884
193.0,2008,CT-E2_016,"LIS EB Shore - Pattagansett River Mouth, East Lyme","See Map for Boundaries. Eastern portion of LIS from Seal Rock (Great Neck) to Point East of Griswald Island (entire mouth of Pattagansett River, including area around Watts Island), out approximately 1000 ft offshore.",0.32228638,Not Assessed,Not Assessed,Fully Supporting,Not Supporting Harvesting for Direct Consumption,8984828.84356689,45121.3071410528
194.0,2008,CT-W4_004,LIS WB Offshore - Darien,See Map for Boundaries. Western portion of LIS from 50ft contour to CT/NY State line.,16.76666636,Not Supporting,Not Assessed,Full Supporting,"Not Evaluated, Natural Conditions Not Viable For Shellfish",467427831.506134,90155.7593096173
195.0,2008,CT-W4_003,LIS WB Offshore - Norwalk,See Map for Boundaries. Western portion of LIS from 50ft contour to CT/NY State line.,15.05978456,Not Suporting,Not Asesssed,Fully Supplorting,"Not Evaluated, Natural Conditions Not Viable For Shellfihs",419842698.091705,101854.417648832
196.0,2008,CT-W4_002,LIS WB Offshore - Fairfield,See Map for Boundaries. Western portion of LIS from 50ft contour to CT/NY State line.,26.40297741,Not Supporting***,Not Assessd,Fully Supportidng,"Not Evaluated, Natural Conditions ot Viable For Shellfish",736072765.605438,114464.039438437
197.0,2008,CT-W2_008,"LIS WB Shore - Green Farms, Westport","See Map for Boundaries. Western portion of LIS from Burying Hill Road to Beachside Lane area (includes Burying Hill Beach, Frost Point) out approximately 1000 ft offshore, Westport.",0.23650811,Not Assessed,Fully Supporting,Fully Supporting,Not Supporting Harvesting for Direct Consumption,6593467.73620605,15197.4134739278
198.0,2008,CT-W3_015-I,"LIS WB Midshore - Captain Harbor, Greenwich","See Map for Boundaries. Western portion of LIS from approximately 1000 ft offshore (Byrant Point at Connecticut/New York state line, to Brush Island, Captain Harbor area), out to just beyond Great Captain Island to Wee Captain Island, Greenwich.",3.4218329,Not Supporting,Fully Supporting,Fully Supporting,Not Supporting Harvesting for Direct Consumption,95395226.5901184,69674.4477115555
199.0,2008,CT-W2_021,"LIS WB Shore - Greenwich Cove, Greenwich","See Map for Boundaries. Western portion of LIS from Todd Point to Greenwich Point (includes Elias Point, Greenwich Island, Pelican Island, Flat Neck Point, Greenwich Cove) out approximately 1000 ft offshore, Greenwich.",1.24361268,Not Assessed,Not Assessed,Fully Supporting,Not Supporting Harvesting for Direct Consumption,34669931.7434387,90586.7987119607
200.0,2008,CT-C1_022,"LIS CB Inner - West River (Upper), West Haven","See Map for Boundaries. Central portion of LIS, Inner Estuary, from SA/SB water quality line at Route 1 crossing, US past Route 34 crossing to southside of Edgewood Avenue (near Edgewood Park Pond), West Haven.",0.06260362,Not Supporting,Not Supporting,Fully Supporting,Not Supporting Harvesting for Direct Consumption,1745288.90936279,29827.1772992499
203.0,2008,CT-C4_005,LIS CB Offshore - Milford,See Map for Boundaries. Central portion of LIS from 50ft contour to CT/NY State line.,24.24753559,Not Supporting,Not Assessed,Fully Supporting,"Not Evaluated, Natural Conditions Not Viable For Shellfish",675982496.327271,119197.018145481
204.0,2008,CT-C4_004,LIS CB Offshore - West Haven,See Map for Boundaries. Central portion of LIS from 50ft contour to CT/NY State line.,34.33230229,NotSupporting,Not Assessde,Full ySupporting,"Not Ejvaluated, Natural Conditions Not Viable For Shellfish",957129656.185486,140024.546744541
205.0,2008,CT-W4_001,LIS WB Offshore - Bridgeport,See Map for Boundaries. Western portion of LIS from 50ft contour to CT/NY State line.,19.76713828,Not bSupporting,Nt Assessed,Fully Supporing,"Not Evaluated, Natural Conditios Not Viable For Shellfish",551076187.852844,102427.967850523
208.0,2008,CT-C1_006,"LIS CB Inner - East and Neck Rivers, Guilford","See Map for Boundaries. Central portion of LIS, Inner Estuary, from mouth of East River at outlet into Guilford Harbor, US to saltwater limit at Planter Pond outlet (includes Neck River from mouth to above River Edge Farms Road, Guilford.",0.15057521,Not Assessed,Not Assessed,Fully Supporting,Not Supporting Harvesting for Direct Consumption,4197796.13067627,89946.8589315579
209.0,2008,CT-C1_023-SB,"LIS CB Inner - Mill River (mouth), New Haven/Hamden","See Map for Boundaries. Central portion of LIS, Inner Estuary, from mouth at confluence with Quinnipiac River (Chapel Street crossing), New Haven, US to Footbridge crossing (just US of East Rock Road crossing), Hamden.",0.06827618,Not Supporting,Not Supporting,Fully Supporting,Not Supporting Commercial Harvesting where Authorized,1903430.7755127,31263.3745932702
210.0,2008,CT-W2_014,"LIS WB Shore - Wilson Cove, Farm Creek, Norwalk","See Map for Boundaries. Western portion of LIS from Norton Point to just west of Hoyt Island (includes Rowayton Beach, Bell Island, Wilson Point) out approximately 1000 ft offshore, Norwalk.",0.42416185,Not Assessed,Fully Supporting,Fully Supporting,Not Supporting Harvesting for Direct Consumption,11824953.7622986,35894.6173205039
